Record#,Elapsed_Time,Time_in_Community,Gender,Working,Age,Family,Hobbies,Social_Club,Political,Professional,Religious,Support_Group
1,5.01,Long,F,No,49,Yes,Yes,No,No,No,Yes,No
2,3.5,Medium,M,No,46,Yes,No,No,No,No,No,No
3,2.82,Medium,F,Yes,50,No,No,No,No,Yes,No,No
4,7.98,Long,M,No,44,Yes,Yes,No,No,No,Yes,No
5,6.37,Long,F,Yes,27,No,No,No,No,No,No,No
6,3.78,Medium,M,Yes,52,No,No,No,No,No,Yes,No
7,5.51,Medium,F,Yes,32,No,No,No,No,No,Yes,No
8,5.03,Medium,F,Yes,45,No,No,No,No,No,No,No
9,7.91,Medium,F,No,31,Yes,No,No,No,No,No,No
10,9.84,Medium,M,Yes,39,No,Yes,Yes,No,No,Yes,No
11,3.84,Long,F,Yes,31,No,No,No,No,Yes,No,Yes
12,7.61,Short,M,Yes,43,No,No,No,No,No,No,Yes
13,2.93,Medium,M,No,46,Yes,No,No,No,Yes,No,No
14,2.31,Long,F,Yes,24,Yes,No,No,No,Yes,No,No
15,6.45,Long,M,No,20,No,No,No,No,No,No,Yes
16,6.23,Long,M,No,20,Yes,Yes,No,No,No,No,No
17,7.35,Long,F,Yes,51,No,No,No,No,No,Yes,Yes
18,6.06,Medium,M,No,28,No,Yes,No,No,No,Yes,No
19,8.42,Medium,F,Yes,47,No,No,No,No,No,No,No
20,5.61,Long,F,No,32,Yes,No,No,Yes,No,Yes,No
21,5.84,Short,M,No,22,No,No,No,No,No,Yes,No
22,8.17,Long,M,Yes,44,No,No,No,No,No,No,No
23,4.58,Long,M,No,22,No,No,No,No,No,No,No
24,3.17,Long,F,Yes,46,No,No,No,No,No,Yes,No
25,8.19,Long,F,No,38,No,Yes,No,No,No,Yes,No
26,2.41,Long,M,No,19,Yes,Yes,Yes,No,Yes,Yes,No
27,3.54,Short,F,No,34,No,Yes,No,No,Yes,No,No
28,2.61,Long,F,No,24,Yes,No,No,No,Yes,No,No
29,7.67,Long,F,Yes,32,No,No,No,No,No,No,No
30,2.24,Medium,F,No,18,Yes,No,No,No,No,No,No
31,9.46,Medium,F,Yes,31,No,No,No,No,No,No,No
32,4.04,Long,M,Yes,24,Yes,No,No,No,No,No,No
33,7.35,Long,M,No,24,No,No,No,No,No,Yes,No
34,7.81,Long,F,No,20,No,No,No,No,No,No,No
35,2.89,Medium,F,No,24,No,No,No,No,No,No,No
36,7.83,Long,M,No,27,No,No,No,No,No,No,No
37,9.23,Medium,M,No,51,No,No,No,No,No,No,No
38,3.84,Long,F,Yes,46,No,No,No,No,No,No,Yes
39,7.41,Medium,F,Yes,48,No,No,No,No,Yes,No,No
40,6.56,Medium,M,No,29,No,No,No,Yes,No,No,Yes
41,4.62,Short,M,No,32,No,Yes,No,Yes,No,Yes,Yes
42,3.63,Long,M,Yes,43,Yes,Yes,No,No,No,Yes,No
43,6.1,Long,M,Yes,29,Yes,Yes,No,No,No,Yes,No
44,3.63,Short,F,No,18,No,No,No,No,No,No,No
45,8.25,Long,F,Yes,45,Yes,No,No,No,No,Yes,No
46,2.78,Short,F,No,42,No,No,No,No,Yes,Yes,No
47,8.26,Medium,F,Yes,36,Yes,No,No,No,No,No,No
48,7.69,Long,F,No,47,Yes,No,Yes,No,Yes,Yes,Yes
49,6.33,Medium,M,Yes,44,No,No,No,No,Yes,No,Yes
50,2.85,Medium,F,No,24,No,No,No,No,No,No,Yes
51,3.81,Medium,F,Yes,22,No,No,No,No,No,Yes,Yes
52,2.26,Medium,F,No,23,No,Yes,No,No,No,Yes,No
53,6.22,Long,M,Yes,35,No,No,No,No,No,Yes,No
54,7.27,Medium,M,No,38,No,No,No,No,No,Yes,No
55,6.27,Medium,F,Yes,50,No,No,No,No,Yes,No,No
56,8.38,Long,M,No,36,No,No,No,No,Yes,No,No
57,5.39,Medium,M,No,45,No,No,No,No,No,No,No
58,3.62,Medium,M,No,39,No,Yes,No,No,Yes,No,No
59,4.09,Long,M,Yes,24,Yes,No,No,No,Yes,No,Yes
60,4.55,Medium,F,No,27,No,No,No,No,Yes,No,No
61,10.13,Medium,F,No,29,No,No,No,No,Yes,Yes,No
62,5.09,Short,F,No,48,No,No,No,No,Yes,No,No
63,3.87,Long,M,Yes,27,No,No,No,No,Yes,No,No
64,8.52,Medium,F,No,21,No,No,No,No,No,No,No
65,4.24,Medium,F,No,42,Yes,Yes,No,No,No,Yes,No
66,2.85,Long,M,No,34,No,No,No,No,No,No,No
67,2.83,Medium,M,Yes,54,No,No,No,No,No,No,No
68,3.91,Medium,F,No,48,Yes,No,No,No,No,No,No
69,6.92,Short,M,No,28,Yes,Yes,Yes,No,No,Yes,No
70,8.62,Short,M,No,47,No,No,No,No,No,No,No
71,9,Medium,M,No,35,Yes,No,No,No,No,No,No
72,5.08,Long,F,Yes,26,No,No,No,No,No,No,No
73,2.61,Short,M,Yes,24,No,No,No,No,Yes,No,No
74,2.53,Short,M,No,36,No,No,No,No,No,No,No
75,8.67,Long,M,Yes,21,No,No,No,No,Yes,Yes,No
76,7.59,Short,F,No,50,No,No,No,No,No,Yes,No
77,2.13,Medium,F,No,55,Yes,No,No,No,Yes,No,No
78,6.52,Medium,F,No,34,Yes,Yes,Yes,No,No,Yes,No
79,5.51,Medium,M,Yes,21,Yes,Yes,Yes,No,Yes,Yes,Yes
80,5.42,Long,F,Yes,51,No,No,No,Yes,No,Yes,Yes
81,9.98,Long,M,Yes,20,Yes,Yes,Yes,No,Yes,Yes,No
82,6.5,Medium,M,Yes,42,No,No,Yes,No,No,No,No
83,5.13,Short,M,Yes,25,Yes,No,No,No,No,No,No
84,9.56,Short,M,No,32,Yes,Yes,No,No,No,Yes,No
85,6.4,Short,F,Yes,44,No,No,No,No,No,No,Yes
86,6.18,Medium,F,No,22,Yes,No,Yes,No,Yes,No,No
87,6.15,Short,M,Yes,42,No,No,Yes,No,No,Yes,No
88,7.82,Long,M,Yes,21,Yes,Yes,No,No,No,Yes,No
89,2.28,Medium,M,No,50,No,No,No,Yes,Yes,No,No
90,3.83,Short,F,No,33,No,Yes,Yes,No,Yes,Yes,No
91,7.01,Medium,F,No,45,No,Yes,No,No,Yes,Yes,No
92,8.15,Short,F,Yes,48,No,Yes,Yes,No,Yes,Yes,No
93,3.53,Short,F,No,21,Yes,Yes,No,No,No,No,No
94,5.13,Medium,F,No,39,No,No,No,No,Yes,No,No
95,4.2,Long,F,Yes,29,Yes,Yes,No,No,No,Yes,No
96,7.02,Short,F,No,32,Yes,No,No,Yes,No,No,Yes
97,8.57,Medium,F,No,20,No,No,No,No,Yes,No,Yes
98,8.42,Long,M,No,25,No,No,No,No,No,Yes,No
99,3.93,Short,M,No,42,No,No,No,No,No,No,No
100,8.23,Long,F,Yes,48,No,No,No,No,No,Yes,No
101,9.41,Medium,F,No,41,No,No,No,No,Yes,Yes,No
102,6.49,Medium,M,Yes,39,No,No,No,Yes,No,Yes,No
103,3.96,Medium,F,Yes,37,No,No,No,No,No,No,No
104,9.37,Long,M,Yes,46,Yes,Yes,Yes,No,Yes,Yes,No
105,8.78,Medium,M,Yes,23,Yes,No,No,No,Yes,No,No
106,6.4,Medium,F,No,25,No,No,No,No,No,No,No
107,4.63,Long,M,Yes,43,Yes,No,No,No,No,Yes,Yes
108,3.77,Short,M,Yes,56,Yes,Yes,No,No,No,Yes,Yes
109,6.62,Long,M,Yes,38,Yes,Yes,Yes,No,No,Yes,No
110,5.78,Medium,M,Yes,55,Yes,No,No,Yes,Yes,No,Yes
111,2.55,Long,M,No,49,Yes,Yes,No,No,No,Yes,No
112,8.96,Long,F,Yes,27,No,No,No,No,No,No,No
113,2.86,Long,F,No,44,No,No,No,No,No,No,No
114,9.93,Long,M,Yes,25,No,No,Yes,No,Yes,No,Yes
115,7.85,Long,M,No,37,Yes,Yes,No,No,No,Yes,Yes
116,6.41,Long,M,Yes,50,No,No,No,No,No,No,No
117,2.84,Short,M,No,48,Yes,Yes,No,No,No,Yes,No
118,3.17,Long,F,No,19,No,No,No,No,Yes,No,No
119,6.16,Medium,M,No,27,No,No,No,No,No,Yes,No
120,6.56,Medium,M,No,52,Yes,Yes,Yes,No,No,Yes,Yes
121,6.53,Medium,F,No,29,Yes,No,No,No,No,Yes,Yes
122,7.45,Long,F,No,24,No,No,No,No,No,No,No
123,4.34,Short,M,Yes,33,Yes,Yes,No,No,No,Yes,No
124,7.29,Short,F,No,20,No,No,No,No,No,No,No
125,6.12,Medium,F,No,55,No,Yes,No,No,Yes,No,No
126,2.21,Long,F,Yes,24,No,No,No,No,No,Yes,No
127,9.01,Long,F,Yes,42,No,No,No,No,No,No,No
128,2.01,Long,F,No,39,Yes,Yes,Yes,No,Yes,Yes,Yes
129,2.81,Medium,F,Yes,31,No,No,No,No,No,No,Yes
130,4.82,Short,F,No,48,No,No,No,No,No,No,No
131,3.75,Medium,M,No,42,Yes,Yes,No,No,No,Yes,No
132,3.78,Medium,M,Yes,48,Yes,No,No,No,No,No,No
133,5.57,Long,M,Yes,26,No,Yes,Yes,No,No,Yes,No
134,3.2,Long,M,No,40,No,Yes,No,No,No,No,No
135,7.72,Short,F,No,49,Yes,Yes,Yes,No,Yes,Yes,No
136,3.04,Medium,M,No,33,Yes,No,No,No,No,No,Yes
137,3.87,Medium,F,No,41,No,No,No,No,No,No,No
138,4.22,Long,M,Yes,49,No,Yes,No,No,No,Yes,No
139,5.18,Medium,F,Yes,34,No,No,No,No,Yes,No,No
140,5.79,Medium,F,No,37,Yes,No,No,No,Yes,Yes,No
141,3.08,Long,M,Yes,39,No,No,No,No,No,Yes,No
142,8.69,Medium,F,Yes,36,No,No,Yes,No,No,No,No
143,6.37,Long,F,Yes,30,No,No,No,No,No,No,No
144,4.19,Long,F,Yes,45,Yes,Yes,Yes,No,Yes,No,No
145,9.7,Long,M,Yes,28,No,No,No,No,Yes,No,No
146,4.55,Long,F,Yes,30,No,No,No,No,Yes,No,No
147,5.33,Medium,M,No,44,No,No,No,No,No,No,No
148,6.85,Medium,F,No,41,No,No,No,No,No,No,No
149,7.92,Medium,F,No,32,No,No,No,No,No,Yes,No
150,6.99,Medium,F,No,41,No,No,No,No,No,No,No
151,6.19,Medium,F,Yes,28,No,No,No,No,No,No,No
152,9.93,Medium,F,No,19,Yes,Yes,Yes,No,No,No,No
153,2.44,Medium,M,No,17,No,Yes,No,No,Yes,Yes,No
154,5.31,Short,M,Yes,28,No,No,No,No,No,No,No
155,2.13,Short,F,Yes,47,No,No,No,No,Yes,Yes,No
156,8.64,Long,M,Yes,38,Yes,No,Yes,No,No,Yes,Yes
157,9.04,Long,F,No,47,No,No,No,No,No,No,No
158,2.4,Medium,F,No,53,No,No,Yes,No,No,Yes,No
159,8.8,Medium,M,No,31,Yes,No,No,No,Yes,No,No
160,3.6,Medium,M,No,55,No,No,No,No,Yes,No,No
161,9.1,Long,F,Yes,51,No,No,No,No,No,No,No
162,4.75,Medium,M,No,50,No,No,No,No,No,No,No
163,5.97,Short,M,Yes,32,No,No,No,No,No,No,No
164,9.48,Medium,F,Yes,25,Yes,No,No,No,No,No,No
165,8.87,Long,F,No,34,Yes,No,Yes,No,No,Yes,No
166,5.72,Short,F,No,41,No,No,No,No,Yes,No,No
167,8.81,Medium,M,No,24,No,No,No,Yes,Yes,No,No
168,6.78,Medium,M,No,41,No,No,No,No,No,No,No
169,3.34,Short,M,No,17,No,No,No,No,No,No,No
170,4.76,Long,F,Yes,23,No,Yes,Yes,No,No,Yes,No
171,7.06,Long,F,No,50,No,No,No,No,No,Yes,No
172,6.53,Long,F,Yes,23,No,No,No,No,No,No,No
173,5.55,Short,F,No,39,No,Yes,Yes,No,Yes,Yes,No
174,6.82,Medium,M,Yes,29,Yes,Yes,Yes,Yes,Yes,Yes,Yes
175,4.27,Medium,M,No,37,No,No,No,No,No,Yes,No
176,7.66,Long,M,No,26,Yes,No,No,No,Yes,Yes,No
177,4.16,Short,M,No,41,No,No,No,No,No,No,No
178,5.56,Long,F,No,21,Yes,Yes,No,No,Yes,No,No
179,8.41,Short,M,Yes,43,Yes,No,No,No,Yes,Yes,No
180,7.72,Short,M,No,26,Yes,No,No,No,No,No,No
181,7.24,Short,M,Yes,30,No,Yes,No,No,No,No,Yes
182,7.54,Long,M,No,25,No,Yes,No,No,Yes,Yes,No
183,5.63,Long,M,Yes,26,No,No,No,No,Yes,No,No
184,3.79,Medium,M,Yes,49,No,Yes,Yes,No,No,Yes,No
185,4.02,Long,F,Yes,36,No,No,No,Yes,Yes,No,No
186,6.13,Medium,F,No,43,No,No,No,No,Yes,No,No
187,7.21,Medium,F,No,38,No,No,No,No,No,Yes,No
188,8.62,Medium,M,No,43,Yes,Yes,No,No,No,Yes,No
189,4.63,Short,M,No,30,No,Yes,No,No,No,Yes,No
190,5.03,Medium,F,No,25,No,No,No,No,Yes,Yes,No
191,4.61,Medium,M,No,23,No,Yes,No,No,No,Yes,No
192,10.02,Long,M,Yes,22,No,Yes,Yes,No,No,Yes,Yes
193,7.22,Long,F,Yes,50,No,No,No,No,Yes,No,No
194,9,Long,F,Yes,40,No,No,Yes,No,No,Yes,No
195,8.19,Medium,M,No,45,No,No,No,No,Yes,Yes,No
196,9.71,Long,M,Yes,29,Yes,Yes,Yes,No,Yes,Yes,No
197,4.95,Long,F,No,23,Yes,No,No,No,Yes,No,No
198,5.62,Long,F,No,21,No,No,No,No,No,No,No
199,3.19,Long,M,No,41,Yes,Yes,Yes,No,Yes,Yes,Yes
200,5.58,Long,M,No,42,Yes,No,No,No,No,No,No
201,3.96,Medium,M,Yes,54,No,No,No,No,No,No,No
202,5.49,Short,M,No,24,No,No,No,No,No,Yes,No
203,4.93,Short,M,Yes,20,No,Yes,No,No,Yes,Yes,No
204,7.85,Short,M,Yes,51,No,No,No,No,No,No,No
205,7.81,Long,F,Yes,48,No,No,No,No,Yes,Yes,No
206,7.94,Long,F,Yes,38,No,No,No,No,Yes,No,No
207,2.4,Short,M,No,21,Yes,No,Yes,Yes,No,Yes,No
208,4.16,Medium,M,Yes,18,Yes,No,No,No,Yes,Yes,No
209,9.49,Medium,F,Yes,24,No,No,No,No,No,No,No
210,7.06,Short,M,No,38,No,No,No,No,No,No,No
211,9.32,Medium,M,Yes,51,No,Yes,Yes,Yes,No,Yes,No
212,7.04,Medium,F,Yes,46,Yes,Yes,Yes,No,No,Yes,No
213,9.35,Medium,M,No,36,Yes,No,Yes,No,No,Yes,No
214,2.69,Medium,F,No,40,No,No,No,No,No,No,No
215,9.73,Medium,M,No,39,No,No,Yes,No,No,Yes,No
216,3.04,Medium,M,No,39,No,No,No,Yes,No,No,Yes
217,8.87,Medium,M,No,31,No,Yes,No,No,Yes,Yes,No
218,2.17,Medium,F,No,24,Yes,Yes,No,No,No,Yes,Yes
219,6.24,Long,F,Yes,29,Yes,Yes,Yes,No,No,Yes,No
220,7.51,Long,F,No,22,No,No,No,No,No,No,Yes
221,9.39,Long,M,Yes,47,No,No,No,No,No,No,No
222,9.22,Long,M,No,50,No,Yes,No,Yes,No,Yes,Yes
223,8.66,Long,F,No,19,No,Yes,No,No,Yes,Yes,No
224,7.05,Short,M,Yes,35,No,Yes,No,Yes,Yes,Yes,No
225,4.78,Long,F,No,32,No,Yes,No,No,No,No,No
226,8.05,Long,M,No,46,No,No,No,No,Yes,No,No
227,5.55,Long,M,Yes,27,No,No,No,No,No,No,No
228,4,Long,F,No,44,No,No,No,No,Yes,No,No
229,5.4,Long,M,Yes,36,Yes,Yes,No,No,No,No,No
230,9.19,Long,M,No,40,Yes,Yes,Yes,No,No,Yes,No
231,5.8,Medium,F,No,25,No,No,No,No,No,Yes,No
232,9.31,Long,M,Yes,46,No,No,No,No,No,No,No
233,2.37,Short,M,Yes,41,Yes,Yes,Yes,No,No,Yes,No
234,2.94,Long,F,Yes,45,Yes,Yes,No,No,No,Yes,No
235,2.09,Long,M,Yes,49,No,No,No,No,No,No,No
236,2.68,Short,M,Yes,28,No,No,No,No,No,No,No
237,2.48,Long,F,No,31,No,No,No,No,No,No,No
238,5.8,Medium,F,No,34,No,No,No,No,No,No,No
239,3.82,Medium,M,No,29,No,No,No,Yes,No,Yes,No
240,7.32,Long,M,No,21,No,No,No,No,Yes,No,No
241,5.54,Long,M,Yes,27,No,No,No,No,No,No,No
242,2.73,Medium,F,No,24,Yes,Yes,Yes,No,No,Yes,No
243,4.73,Long,F,Yes,27,No,No,No,No,No,No,No
244,2.77,Medium,F,Yes,51,No,No,No,No,No,No,No
245,5.23,Long,F,Yes,28,Yes,Yes,Yes,No,No,Yes,Yes
246,6.47,Long,F,Yes,43,No,No,No,No,Yes,Yes,No
247,2.11,Long,F,No,32,Yes,Yes,No,No,No,Yes,No
248,7.51,Long,M,No,31,No,No,No,No,No,No,No
249,3.82,Medium,M,Yes,33,Yes,No,No,No,Yes,Yes,No
250,7.92,Long,M,Yes,25,No,No,No,No,No,No,No
251,4.18,Medium,F,No,38,No,No,No,Yes,No,Yes,No
252,4.29,Medium,M,No,30,No,Yes,No,No,No,Yes,No
253,8.58,Long,M,Yes,34,Yes,No,No,No,Yes,No,No
254,9.87,Short,F,No,57,No,No,No,No,No,No,Yes
255,4.76,Long,M,Yes,29,Yes,Yes,Yes,No,No,No,No
256,6.65,Medium,F,Yes,45,Yes,Yes,No,No,No,Yes,No
257,4.68,Short,F,No,45,No,No,No,No,No,No,No
258,9.52,Long,M,Yes,42,Yes,No,No,No,No,Yes,No
259,3.67,Short,F,Yes,51,Yes,No,No,No,Yes,Yes,No
260,5.73,Long,M,Yes,20,No,Yes,No,No,No,Yes,No
261,8.95,Short,F,No,33,Yes,No,No,No,No,No,No
262,9.9,Medium,F,Yes,26,No,Yes,No,Yes,Yes,Yes,Yes
263,5.71,Short,M,Yes,52,Yes,Yes,No,Yes,Yes,Yes,No
264,3.86,Long,F,Yes,22,Yes,No,No,Yes,Yes,Yes,No
265,5.52,Short,F,Yes,28,No,No,No,No,Yes,No,No
266,8.37,Long,F,No,22,Yes,No,Yes,No,Yes,Yes,No
267,3.86,Long,F,Yes,36,No,No,No,No,Yes,No,Yes
268,6.51,Long,M,Yes,37,No,No,No,No,Yes,No,Yes
269,7.81,Short,M,No,24,No,No,No,No,No,No,No
270,4.38,Short,F,No,40,Yes,No,No,No,No,No,No
271,7.29,Long,M,Yes,51,Yes,No,No,No,No,Yes,No
272,5.19,Short,F,Yes,29,Yes,Yes,No,No,No,Yes,No
273,3.25,Short,F,Yes,50,No,No,No,No,Yes,No,No
274,6.27,Long,M,No,31,No,No,No,No,Yes,No,Yes
275,4.01,Long,F,Yes,47,No,No,No,Yes,Yes,No,No
276,5.69,Long,F,No,29,No,Yes,No,No,Yes,Yes,No
277,6.5,Medium,M,No,25,Yes,Yes,No,No,No,Yes,Yes
278,3.54,Long,F,No,44,No,No,No,No,No,No,Yes
279,6.6,Long,F,No,20,Yes,No,No,No,No,No,No
280,2.24,Medium,F,Yes,32,Yes,Yes,Yes,No,Yes,Yes,No
281,9.05,Medium,F,Yes,38,Yes,Yes,Yes,No,No,Yes,No
282,2.51,Long,F,No,54,No,Yes,No,No,Yes,Yes,No
283,6.05,Medium,F,Yes,56,Yes,No,No,No,Yes,No,No
284,4.22,Medium,M,No,42,Yes,Yes,No,No,Yes,No,No
285,6.78,Long,M,Yes,43,Yes,No,No,No,No,Yes,No
286,9.92,Long,M,Yes,42,No,No,No,No,No,No,No
287,9.76,Long,M,Yes,32,No,No,No,No,Yes,No,No
288,8.07,Medium,F,No,23,No,No,No,No,No,Yes,No
289,9.15,Medium,M,No,51,No,No,No,No,No,No,No
290,7.06,Long,F,Yes,49,No,Yes,No,Yes,Yes,No,No
291,6.62,Short,M,Yes,37,No,Yes,No,No,No,Yes,No
292,8.58,Medium,F,No,46,No,No,No,No,Yes,Yes,No
293,9.43,Long,F,Yes,40,No,No,Yes,No,Yes,Yes,No
294,6.04,Medium,F,Yes,49,No,No,No,No,Yes,No,No
295,2.85,Short,F,No,33,Yes,Yes,No,No,No,No,Yes
296,8.28,Long,M,Yes,43,Yes,No,No,No,No,No,Yes
297,5.07,Long,M,Yes,35,No,No,No,No,No,Yes,No
298,2.48,Long,F,No,45,Yes,Yes,No,No,No,Yes,No
299,5.28,Long,F,No,23,Yes,No,No,No,Yes,Yes,No
300,5.09,Long,M,Yes,26,No,No,No,No,Yes,No,No
301,6.03,Medium,M,No,40,No,No,No,No,No,No,No
302,5.07,Medium,F,Yes,30,Yes,No,No,No,No,No,No
303,4.72,Medium,F,No,42,Yes,No,Yes,No,Yes,Yes,No
304,7.67,Long,F,Yes,36,No,No,No,No,No,No,No
305,2.13,Short,F,No,44,Yes,No,No,No,No,Yes,No
306,5.23,Long,M,Yes,25,Yes,Yes,No,No,Yes,Yes,No
307,2.61,Medium,F,Yes,34,Yes,Yes,Yes,No,Yes,Yes,No
308,2.95,Long,F,Yes,53,No,No,No,No,No,Yes,No
309,9.5,Medium,F,No,43,No,No,No,No,No,Yes,No
310,9.84,Short,F,No,30,Yes,No,No,No,Yes,Yes,No
311,4.89,Short,M,Yes,48,Yes,No,No,No,Yes,No,Yes
312,4.55,Short,F,Yes,26,Yes,No,Yes,No,No,No,No
313,7.9,Medium,M,No,28,Yes,No,No,No,Yes,No,No
314,6.42,Medium,M,Yes,29,No,No,Yes,No,Yes,Yes,No
315,3.76,Medium,F,Yes,35,Yes,No,No,No,No,No,No
316,7.8,Medium,M,Yes,33,Yes,Yes,Yes,No,No,No,Yes
317,4.03,Medium,M,No,47,Yes,No,No,No,No,Yes,No
318,4,Medium,M,No,34,Yes,No,No,No,No,No,Yes
319,6.75,Medium,M,Yes,48,Yes,No,No,No,Yes,No,No
320,9.91,Long,M,Yes,23,No,No,No,No,No,No,No
321,6.18,Medium,F,Yes,25,Yes,No,No,Yes,Yes,No,No
322,2.29,Medium,F,No,23,Yes,Yes,No,No,No,No,No
323,3.67,Long,F,Yes,45,Yes,No,No,No,No,Yes,No
324,2.58,Short,M,Yes,27,No,No,No,No,Yes,No,No
325,2.18,Long,F,Yes,25,Yes,No,Yes,No,No,Yes,No
326,6.5,Medium,F,No,43,Yes,No,No,No,No,Yes,No
327,7.1,Medium,M,Yes,20,Yes,Yes,No,No,Yes,Yes,No
328,5.5,Long,F,No,54,No,No,No,No,No,No,No
329,4.37,Medium,F,Yes,27,Yes,No,No,No,No,No,No
330,4.48,Short,F,Yes,24,No,No,No,No,No,Yes,No
331,6.27,Long,F,Yes,45,Yes,No,No,No,No,No,No
332,6.88,Long,M,No,42,Yes,Yes,Yes,No,Yes,Yes,Yes
333,7.97,Medium,M,No,24,Yes,No,No,Yes,No,No,No
334,6.5,Medium,M,No,51,No,No,No,No,Yes,No,No
335,3.82,Medium,F,Yes,35,Yes,Yes,No,No,No,Yes,No
336,7.08,Long,F,No,26,No,Yes,No,No,No,No,No
337,2.03,Short,M,Yes,23,No,No,No,No,Yes,No,No
338,2.26,Short,F,Yes,52,No,Yes,No,No,Yes,No,No
339,8.87,Long,F,No,45,Yes,Yes,Yes,No,No,Yes,No
340,4.08,Medium,M,Yes,18,No,No,No,No,No,No,No
341,3.35,Long,M,No,31,Yes,Yes,Yes,No,No,Yes,No
342,9.94,Medium,F,No,37,Yes,No,No,No,No,No,No
343,7.49,Medium,F,Yes,19,No,No,No,No,No,No,No
344,3.23,Long,M,No,54,No,No,No,No,Yes,No,No
345,3.02,Medium,M,No,52,No,No,No,No,Yes,No,No
346,6.58,Long,M,No,52,Yes,Yes,No,Yes,No,No,No
347,6.31,Long,M,Yes,53,Yes,Yes,No,No,No,Yes,No
348,4.68,Long,F,Yes,30,Yes,No,No,No,Yes,No,No
349,7.79,Medium,F,Yes,37,Yes,Yes,No,No,No,Yes,Yes
350,2.89,Short,F,No,45,No,No,No,No,No,No,No
351,6.28,Long,M,No,38,Yes,No,No,No,No,No,No
352,5.21,Medium,M,Yes,52,Yes,Yes,No,No,No,Yes,No
353,9.08,Short,F,No,53,Yes,No,Yes,No,No,Yes,No
354,3.05,Medium,M,Yes,38,No,No,No,No,No,No,No
355,3.95,Long,F,Yes,41,No,No,No,No,No,No,No
356,7.29,Long,M,No,24,Yes,No,Yes,No,No,No,No
357,8.93,Long,M,Yes,44,No,No,No,No,No,Yes,No
358,2.77,Medium,M,Yes,49,Yes,No,Yes,Yes,Yes,Yes,No
359,4.36,Long,F,No,26,No,No,No,No,Yes,No,No
360,8.08,Medium,M,No,20,No,No,No,No,No,No,No
361,5.92,Short,M,Yes,21,Yes,No,No,No,Yes,No,No
362,2.35,Medium,M,No,32,No,Yes,Yes,No,No,Yes,No
363,2.2,Short,F,Yes,29,No,No,No,No,Yes,Yes,No
364,8.05,Long,M,Yes,24,Yes,Yes,Yes,Yes,No,Yes,No
365,8.89,Medium,M,No,43,No,Yes,No,No,No,Yes,No
366,6.74,Long,F,Yes,44,No,No,No,No,No,No,Yes
367,9.87,Long,M,Yes,24,Yes,No,No,No,No,Yes,No
368,6.65,Medium,F,Yes,42,No,No,No,No,No,No,No
369,7.38,Long,M,Yes,49,No,Yes,No,No,No,No,No
370,4.35,Medium,M,Yes,29,No,Yes,No,No,No,Yes,No
371,9.57,Long,M,No,29,Yes,No,No,No,No,Yes,No
372,7.48,Medium,F,No,27,Yes,No,No,No,No,No,No
373,9.37,Short,M,Yes,26,Yes,No,No,No,Yes,No,No
374,3.08,Long,M,Yes,42,No,Yes,Yes,Yes,Yes,Yes,Yes
375,2.27,Long,F,Yes,20,No,No,No,No,No,No,Yes
376,6.57,Medium,M,No,22,No,No,No,No,No,No,No
377,4.52,Medium,F,Yes,24,Yes,No,No,No,Yes,No,No
378,2.45,Long,F,No,33,No,No,No,No,No,No,No
379,5.85,Short,M,Yes,32,No,No,No,No,No,Yes,No
380,6.74,Short,M,No,51,Yes,No,No,No,Yes,No,No
381,5.07,Long,F,No,53,No,Yes,No,No,No,Yes,No
382,7.89,Medium,M,Yes,35,No,No,No,No,No,No,No
383,4.29,Medium,M,Yes,38,No,No,No,No,No,No,No
384,8.32,Medium,F,No,45,No,No,No,No,No,Yes,No
385,7.29,Long,M,No,41,No,No,No,No,No,No,No
386,8.68,Medium,M,No,28,No,No,No,No,Yes,No,Yes
387,5.45,Long,F,Yes,26,Yes,Yes,Yes,No,No,Yes,Yes
388,4.11,Long,F,Yes,45,No,No,No,No,Yes,No,No
389,9.66,Medium,M,No,39,Yes,Yes,Yes,No,Yes,No,No
390,4.75,Short,F,No,44,No,No,Yes,No,Yes,Yes,No
391,8.86,Long,F,No,45,Yes,Yes,No,No,No,No,No
392,5.69,Medium,F,No,40,Yes,Yes,Yes,Yes,No,Yes,No
393,5.98,Short,M,Yes,55,No,No,No,No,No,No,No
394,6.75,Medium,F,No,40,No,No,No,No,No,No,No
395,5.73,Long,M,No,32,No,No,No,Yes,Yes,No,No
396,3.5,Long,M,No,31,No,No,Yes,Yes,Yes,No,No
397,8.09,Long,F,Yes,37,No,No,No,No,No,No,No
398,3.43,Medium,F,Yes,43,No,No,No,Yes,No,No,No
399,5.85,Medium,M,No,39,Yes,Yes,No,No,No,Yes,No
400,5.06,Medium,F,Yes,39,No,No,No,No,No,No,No
401,6.13,Long,M,Yes,53,Yes,No,Yes,No,No,Yes,No
402,7.87,Medium,M,No,29,No,No,No,No,Yes,No,No
403,2.56,Long,F,Yes,43,No,No,No,Yes,No,No,Yes
404,8.49,Long,M,Yes,22,No,No,No,No,No,No,No
405,2.21,Long,F,Yes,29,Yes,No,No,Yes,No,No,Yes
406,6.44,Short,M,No,36,Yes,No,No,No,Yes,No,No
407,4.28,Medium,M,No,40,No,No,No,No,No,No,No
408,7.45,Medium,M,No,22,Yes,No,No,No,No,No,No
409,8.44,Medium,M,No,18,Yes,Yes,Yes,No,No,Yes,Yes
410,8.12,Medium,M,No,41,Yes,No,No,No,Yes,No,No
411,7.83,Medium,M,No,19,Yes,No,No,No,No,No,No
412,5.64,Long,M,Yes,42,Yes,Yes,Yes,No,Yes,Yes,No
413,2.24,Long,M,Yes,47,Yes,No,No,No,No,No,No
414,7.99,Long,M,No,52,No,No,No,No,No,No,No
415,7.86,Medium,M,No,28,Yes,Yes,Yes,No,Yes,Yes,Yes
416,4.39,Medium,F,No,34,No,No,No,No,Yes,No,No
417,2.28,Medium,M,No,31,No,No,No,No,No,No,No
418,2.11,Long,M,Yes,47,Yes,Yes,No,No,Yes,Yes,No
419,3.23,Long,F,Yes,27,No,No,No,No,No,No,No
420,3.9,Medium,F,No,47,No,Yes,Yes,No,No,Yes,No
421,7.29,Short,F,Yes,26,Yes,No,No,No,No,No,No
422,8.85,Medium,F,No,34,Yes,No,No,No,Yes,No,No
423,8.77,Long,F,Yes,42,No,Yes,No,No,No,Yes,No
424,6.57,Long,M,No,19,Yes,No,No,No,No,Yes,No
425,8.89,Medium,F,Yes,32,No,No,No,No,Yes,No,No
426,8.94,Medium,M,Yes,43,No,No,No,No,Yes,No,No
427,2.83,Short,F,Yes,52,No,Yes,No,No,Yes,Yes,No
428,6.71,Short,M,Yes,38,Yes,No,No,Yes,Yes,No,No
429,6.3,Medium,F,Yes,41,No,No,No,No,No,No,No
430,9.78,Medium,M,No,36,No,No,Yes,No,No,Yes,No
431,4.58,Short,M,No,37,No,No,No,No,Yes,No,No
432,7.89,Medium,F,No,27,No,No,No,No,No,No,No
433,8.27,Long,F,No,55,Yes,Yes,No,No,No,Yes,No
434,7.52,Short,F,No,24,No,No,No,No,No,Yes,No
435,2.13,Short,M,Yes,50,Yes,No,No,Yes,No,Yes,No
436,9.64,Short,M,No,32,Yes,No,No,No,No,Yes,No
437,4.81,Long,F,No,30,No,No,No,No,No,No,No
438,7.53,Long,M,Yes,26,Yes,Yes,Yes,No,No,Yes,No
439,6.4,Medium,M,No,53,No,No,No,No,Yes,Yes,No
440,2.55,Medium,M,Yes,50,No,Yes,Yes,No,No,Yes,No
441,4.21,Medium,M,Yes,31,Yes,Yes,No,No,No,No,No
442,9.89,Medium,F,Yes,28,Yes,Yes,No,No,No,Yes,No
443,3.08,Long,F,Yes,26,Yes,No,No,Yes,No,No,No
444,9.44,Short,F,No,30,Yes,No,No,No,No,No,No
445,8.71,Long,F,Yes,44,Yes,Yes,Yes,No,Yes,Yes,No
446,9.08,Medium,F,Yes,36,Yes,Yes,No,No,Yes,Yes,Yes
447,8.51,Long,M,Yes,52,No,No,No,No,No,No,No
448,8.95,Medium,M,No,35,Yes,No,No,No,Yes,No,No
449,2.56,Long,F,Yes,53,Yes,No,No,No,Yes,Yes,Yes
450,2.51,Long,F,No,21,No,No,No,No,No,Yes,No
451,3.35,Medium,F,No,45,No,No,No,No,Yes,No,No
452,10.07,Medium,F,No,52,Yes,Yes,Yes,No,No,Yes,No
453,4.42,Long,F,No,25,Yes,Yes,Yes,No,No,Yes,No
454,8.81,Medium,M,No,31,Yes,No,No,No,No,No,No
455,2.36,Medium,M,No,31,Yes,Yes,No,No,Yes,No,No
456,4.63,Short,M,Yes,49,No,No,No,No,No,Yes,No
457,9.46,Long,M,No,52,No,No,No,No,No,No,Yes
458,2.68,Long,M,No,51,Yes,No,No,No,No,No,Yes
459,7.79,Medium,F,Yes,53,No,No,Yes,No,No,Yes,No
460,2.3,Long,F,No,37,No,No,No,No,Yes,No,No
461,2.44,Long,F,Yes,43,No,No,No,No,No,No,No
462,7.63,Short,F,No,46,No,No,No,No,No,Yes,No
463,4.64,Medium,F,Yes,22,Yes,Yes,No,No,Yes,Yes,No
464,4.62,Long,M,Yes,48,No,Yes,No,Yes,No,Yes,No
465,5.41,Long,F,No,49,No,No,No,No,No,Yes,No
466,6.06,Long,F,No,47,No,No,No,No,Yes,No,No
467,4.64,Short,F,No,50,Yes,No,No,No,Yes,No,No
468,6.28,Long,M,No,35,No,No,No,No,No,No,No
469,3.75,Medium,M,No,45,Yes,No,No,No,No,No,No
470,2.74,Short,M,Yes,24,Yes,Yes,No,Yes,No,Yes,No
471,3.47,Long,F,Yes,55,No,No,No,No,Yes,No,Yes
472,8.56,Long,M,No,44,Yes,No,Yes,No,Yes,No,Yes
473,2.6,Long,M,No,51,No,No,No,No,No,Yes,No
474,3.32,Medium,F,No,25,Yes,Yes,No,No,No,Yes,Yes
475,6.31,Long,F,Yes,29,Yes,Yes,Yes,No,No,Yes,No
476,4.65,Short,F,Yes,24,Yes,No,No,No,Yes,Yes,No
477,3.21,Long,M,Yes,37,No,No,No,No,No,No,No
478,3.95,Long,M,Yes,41,Yes,No,No,No,No,No,No
479,2.9,Short,F,No,26,Yes,Yes,Yes,No,Yes,Yes,No
480,8.65,Medium,F,No,36,Yes,No,Yes,Yes,No,Yes,Yes
481,6.66,Long,F,No,21,Yes,Yes,No,Yes,Yes,Yes,Yes
482,4.39,Medium,F,Yes,37,No,No,No,No,Yes,No,No
483,5.86,Medium,M,Yes,50,No,Yes,No,No,No,No,No
484,6.37,Short,F,Yes,51,No,No,No,No,No,Yes,No
485,9.88,Long,M,Yes,23,No,Yes,No,No,Yes,Yes,No
486,8.19,Medium,M,No,50,No,No,No,No,Yes,No,No
487,3.21,Long,M,Yes,51,No,No,No,No,No,No,Yes
488,5.98,Medium,M,No,39,No,No,No,No,Yes,No,No
489,2.49,Long,F,No,53,Yes,Yes,Yes,No,No,Yes,No
490,2.36,Medium,F,No,49,Yes,Yes,No,No,No,Yes,No
491,7.16,Medium,F,Yes,29,Yes,No,No,No,Yes,Yes,No
492,6.23,Short,F,No,41,No,No,No,No,No,No,No
493,6.41,Medium,F,No,30,No,No,No,Yes,No,No,No
494,4.44,Medium,M,Yes,54,Yes,No,No,No,No,No,No
495,2.11,Long,F,No,31,No,No,Yes,No,Yes,No,No
496,9.12,Medium,F,Yes,34,No,No,No,No,Yes,Yes,Yes
497,9.3,Short,M,No,34,No,No,No,No,Yes,No,No
498,2.5,Medium,F,Yes,35,Yes,No,No,No,Yes,Yes,No
499,6.59,Short,F,No,38,No,No,No,No,No,No,No
500,4.71,Short,M,No,47,No,No,No,No,No,No,No
501,7.32,Short,F,No,22,No,No,No,No,No,No,No
502,5.84,Long,F,No,26,Yes,No,No,No,No,No,No
503,6.74,Medium,M,Yes,32,Yes,No,Yes,Yes,No,Yes,No
504,6.85,Short,F,No,44,No,No,No,No,No,Yes,No
505,7.95,Medium,M,Yes,34,No,No,No,Yes,Yes,No,No
506,8.04,Medium,F,No,26,No,No,No,No,No,No,No
507,3.93,Long,F,No,34,No,No,No,No,No,No,No
508,8.07,Medium,M,No,45,Yes,Yes,Yes,No,No,Yes,No
509,9.51,Long,M,Yes,46,No,Yes,No,No,Yes,No,No
510,6.79,Long,F,Yes,44,Yes,No,No,No,Yes,No,No
511,2.68,Long,F,No,37,Yes,No,No,No,No,No,No
512,8.5,Long,M,No,25,Yes,No,No,No,Yes,No,Yes
513,5.22,Short,M,Yes,25,Yes,Yes,No,No,Yes,No,No
514,5.43,Short,F,No,26,Yes,No,No,No,Yes,No,No
515,4.64,Short,M,Yes,47,No,No,No,No,Yes,No,No
516,7.86,Long,F,Yes,35,Yes,Yes,No,No,No,Yes,No
517,9.3,Long,M,Yes,22,No,No,No,No,No,No,No
518,3.47,Long,M,Yes,41,No,No,No,No,No,No,No
519,9.72,Short,M,No,34,No,No,No,No,No,No,No
520,5.59,Medium,M,Yes,17,No,No,No,No,No,No,No
521,2.32,Short,M,Yes,40,No,Yes,No,No,No,No,No
522,4.56,Long,F,No,52,No,No,No,No,Yes,Yes,No
523,2.42,Medium,M,Yes,35,Yes,Yes,No,No,No,No,No
524,2.25,Short,F,No,45,Yes,No,No,No,No,Yes,No
525,5.55,Short,F,No,42,No,No,No,No,Yes,No,No
526,4.21,Short,F,Yes,43,No,Yes,No,No,No,No,No
527,5.57,Medium,F,Yes,30,No,No,No,No,No,No,No
528,2.41,Medium,F,No,49,Yes,Yes,Yes,No,No,Yes,No
529,7.15,Short,F,Yes,25,Yes,Yes,No,No,No,No,No
530,6.31,Medium,M,No,53,No,No,No,No,No,No,No
531,4.26,Long,M,Yes,25,Yes,No,Yes,No,No,Yes,No
532,6.05,Medium,F,Yes,22,No,No,No,No,No,No,Yes
533,5.18,Medium,M,Yes,26,Yes,Yes,Yes,No,Yes,Yes,No
534,3.69,Medium,M,Yes,52,No,No,No,No,No,No,No
535,8.11,Medium,M,No,21,Yes,No,No,No,No,Yes,No
536,8.53,Long,M,No,38,No,No,No,No,Yes,Yes,No
537,8.4,Long,M,No,54,No,No,No,No,No,Yes,No
538,5.03,Long,M,Yes,38,Yes,No,No,No,Yes,No,No
539,3.4,Long,M,No,39,No,No,No,Yes,Yes,Yes,No
540,4.06,Medium,M,No,44,Yes,No,No,No,No,Yes,No
541,7.69,Medium,F,Yes,43,No,No,No,No,No,No,No
542,4.82,Short,M,No,47,Yes,Yes,No,No,No,Yes,No
543,5.45,Short,F,Yes,28,Yes,No,Yes,No,No,Yes,No
544,9.88,Long,F,Yes,42,No,No,No,Yes,No,Yes,No
545,7.1,Long,F,Yes,37,No,Yes,No,No,No,Yes,No
546,5.02,Long,M,No,35,Yes,Yes,No,No,No,Yes,No
547,7.4,Long,F,Yes,51,Yes,No,No,No,Yes,No,No
548,2.29,Long,F,Yes,40,Yes,Yes,Yes,No,No,Yes,No
549,4.85,Medium,F,No,27,Yes,Yes,No,No,No,No,No
550,3.54,Long,F,No,50,Yes,No,No,Yes,Yes,No,No
551,2.56,Long,F,No,53,Yes,Yes,Yes,No,No,Yes,No
552,6.05,Medium,F,Yes,23,Yes,No,No,No,No,Yes,No
553,7.25,Medium,F,Yes,47,No,Yes,Yes,No,No,Yes,No
554,9.77,Medium,M,Yes,42,No,No,No,No,No,No,Yes
555,3.78,Long,M,Yes,53,No,No,No,No,No,No,Yes
556,2.9,Long,F,No,45,No,Yes,No,No,Yes,Yes,No
557,9.12,Medium,M,No,37,No,No,No,No,No,No,No
558,3.87,Long,F,Yes,40,No,Yes,No,No,Yes,Yes,Yes
559,4.76,Short,M,No,50,No,No,No,No,Yes,Yes,No
560,9.85,Short,F,No,54,No,No,No,No,Yes,Yes,No
561,2.18,Medium,F,No,24,No,Yes,Yes,No,No,Yes,Yes
562,8.07,Long,F,Yes,48,Yes,Yes,Yes,No,No,No,Yes
563,5.43,Long,M,No,32,Yes,No,Yes,No,Yes,No,No
564,8.12,Long,M,Yes,39,Yes,No,No,No,No,Yes,No
565,3.9,Medium,F,No,48,Yes,No,No,No,No,Yes,No
566,6,Long,M,Yes,43,No,No,No,No,No,No,No
567,3.33,Long,M,No,41,Yes,Yes,No,No,Yes,Yes,No
568,6.45,Long,F,Yes,53,No,No,No,No,No,No,No
569,4.54,Medium,M,Yes,27,Yes,Yes,Yes,No,No,Yes,No
570,10.03,Medium,F,No,34,No,No,No,No,No,Yes,No
571,10,Short,M,No,52,Yes,No,No,No,Yes,No,No
572,9.75,Long,F,No,37,Yes,Yes,Yes,No,No,Yes,Yes
573,3.49,Medium,M,No,48,No,No,No,No,Yes,No,Yes
574,2.2,Short,M,Yes,25,Yes,Yes,No,No,No,Yes,No
575,10.08,Long,M,Yes,23,Yes,No,No,No,No,No,No
576,5.74,Long,F,No,26,No,No,No,No,Yes,No,No
577,9.26,Long,M,Yes,44,No,No,No,No,Yes,No,No
578,7.8,Medium,M,Yes,31,No,Yes,No,No,No,No,No
579,7.4,Long,F,No,44,No,No,No,No,Yes,Yes,No
580,5.39,Long,M,No,50,Yes,Yes,No,No,No,Yes,No
581,6.56,Long,F,Yes,42,No,No,No,No,Yes,Yes,No
582,4.1,Long,M,No,20,No,No,No,No,No,Yes,No
583,6.35,Long,M,No,35,No,No,No,No,No,No,No
584,7.94,Medium,F,Yes,52,No,No,No,No,No,No,No
585,3.8,Medium,F,Yes,23,No,No,No,No,Yes,No,Yes
586,2.26,Long,M,No,27,Yes,No,No,No,No,Yes,No
587,2.1,Medium,F,No,30,No,No,No,No,No,No,No
588,8.53,Long,M,No,48,Yes,Yes,No,No,No,No,Yes
589,7.32,Long,M,No,22,Yes,Yes,No,No,No,No,No
590,2.87,Long,M,Yes,34,Yes,No,No,No,No,No,No
591,7.16,Medium,F,No,38,No,No,No,No,No,No,Yes
592,6.05,Long,F,No,38,No,Yes,Yes,No,Yes,Yes,No
593,7.61,Short,F,No,27,Yes,Yes,No,No,No,Yes,No
594,3.14,Long,F,Yes,21,No,No,No,No,No,No,No
595,2.77,Long,M,Yes,30,No,No,No,No,No,No,No
596,4.31,Medium,M,Yes,47,Yes,No,No,No,No,No,No
597,3.49,Long,M,No,35,No,No,No,No,No,No,No
598,7.74,Medium,F,No,40,No,No,No,No,Yes,Yes,No
599,3.5,Long,F,Yes,38,No,No,No,No,No,No,No
600,8.68,Medium,F,No,18,Yes,No,No,No,No,No,No
601,7.84,Long,F,No,32,Yes,Yes,No,No,No,Yes,No
602,6.39,Short,M,Yes,31,No,Yes,No,No,No,No,No
603,5.97,Medium,F,Yes,45,Yes,No,Yes,No,Yes,Yes,No
604,5.54,Long,F,Yes,24,Yes,No,No,No,No,Yes,No
605,5.34,Long,M,No,19,Yes,No,No,No,No,No,Yes
606,7.58,Medium,M,No,47,No,No,No,No,No,Yes,No
607,6.43,Short,F,Yes,52,No,No,No,No,No,No,No
608,9.87,Long,M,Yes,28,No,No,No,No,No,No,No
609,4.09,Long,M,Yes,23,No,No,No,No,No,No,No
610,3.03,Long,M,Yes,40,No,No,No,No,Yes,No,No
611,7.59,Medium,M,No,32,No,Yes,Yes,No,No,Yes,No
612,2.81,Medium,F,Yes,47,No,Yes,Yes,No,No,Yes,No
613,8.27,Medium,F,Yes,38,No,No,No,No,No,No,No
614,5.07,Long,M,Yes,30,Yes,No,No,No,No,No,No
615,4.91,Medium,F,No,21,No,No,No,No,Yes,No,Yes
616,7.3,Medium,F,Yes,30,No,No,No,No,No,No,No
617,8.21,Long,F,No,23,No,No,No,No,No,No,No
618,4.16,Medium,F,No,43,No,No,No,No,No,No,No
619,7.88,Medium,M,Yes,37,No,No,No,No,No,No,No
620,2.9,Medium,F,Yes,53,Yes,No,Yes,No,No,Yes,No
621,7.17,Short,F,No,53,No,No,No,No,No,Yes,Yes
622,4.13,Short,F,Yes,40,Yes,Yes,No,No,No,Yes,Yes
623,8.63,Medium,F,No,44,No,Yes,Yes,No,Yes,Yes,No
624,2.96,Long,M,Yes,45,No,No,No,No,No,No,Yes
625,7.09,Long,F,No,52,No,No,No,No,No,No,No
626,3.69,Short,F,Yes,23,No,No,No,No,No,Yes,No
627,2.19,Medium,M,No,37,Yes,No,No,No,No,No,No
628,8.75,Medium,M,Yes,26,Yes,Yes,No,No,No,Yes,No
629,9.2,Short,F,No,53,Yes,Yes,No,No,No,Yes,No
630,9.82,Short,M,No,44,No,No,No,No,No,No,No
631,8.75,Medium,M,No,29,Yes,No,No,No,No,Yes,No
632,2.72,Long,F,No,32,Yes,No,No,Yes,Yes,No,Yes
633,6.66,Medium,M,Yes,29,No,No,No,No,Yes,No,No
634,8.74,Long,F,Yes,26,No,No,No,No,Yes,No,No
635,4.27,Long,F,Yes,18,Yes,No,Yes,No,No,Yes,No
636,5.23,Short,F,No,30,No,Yes,No,No,No,No,No
637,7.2,Long,F,Yes,46,No,No,Yes,Yes,Yes,Yes,Yes
638,7.44,Long,F,No,54,No,No,No,No,No,No,No
639,2.24,Medium,M,Yes,50,Yes,No,No,No,No,No,No
640,6.01,Medium,M,Yes,36,Yes,Yes,Yes,No,Yes,Yes,No
641,4.39,Medium,M,No,47,No,No,No,No,Yes,No,No
642,4.54,Long,F,Yes,27,No,No,No,No,No,No,No
643,6.26,Long,M,No,22,No,No,No,No,Yes,Yes,No
644,9.33,Medium,M,Yes,54,Yes,No,No,No,No,No,No
645,4.31,Long,M,Yes,51,No,No,Yes,Yes,No,Yes,No
646,9.75,Long,F,Yes,26,Yes,Yes,Yes,No,Yes,Yes,No
647,3.69,Short,F,No,45,No,No,No,No,Yes,No,No
648,6.48,Medium,M,Yes,32,No,No,No,No,No,No,No
649,3.71,Medium,M,No,42,No,No,No,No,No,No,No
650,9.43,Long,M,No,36,No,Yes,No,No,No,Yes,No
651,6.97,Short,M,Yes,36,No,No,No,No,Yes,No,Yes
652,8.9,Medium,M,No,46,No,No,No,No,Yes,No,No
653,5.9,Medium,F,No,35,No,No,No,No,Yes,No,No
654,6.57,Long,M,Yes,37,Yes,No,Yes,No,No,Yes,No
655,8.84,Medium,F,No,32,Yes,No,No,No,Yes,No,Yes
656,6.88,Long,M,No,44,Yes,Yes,Yes,No,No,Yes,No
657,2.88,Short,F,Yes,55,Yes,Yes,No,No,No,Yes,No
658,7.62,Short,M,Yes,40,No,Yes,No,Yes,Yes,Yes,No
659,7.83,Long,M,No,23,Yes,No,No,No,No,Yes,No
660,6.56,Short,M,No,21,No,No,No,No,Yes,No,No
661,4.24,Short,F,Yes,43,Yes,No,No,Yes,Yes,No,No
662,8.02,Short,M,Yes,33,Yes,No,Yes,No,Yes,No,No
663,9.36,Long,M,Yes,43,Yes,Yes,No,No,Yes,No,No
664,6.94,Long,F,No,44,No,No,No,No,No,Yes,No
665,7.36,Long,M,Yes,19,No,No,No,No,No,No,No
666,9.48,Long,F,Yes,33,Yes,Yes,No,No,No,Yes,Yes
667,9.13,Long,F,Yes,40,Yes,No,No,No,No,No,No
668,9.97,Short,M,No,54,Yes,No,Yes,No,No,Yes,No
669,4.58,Long,F,Yes,34,No,No,No,No,Yes,No,No
670,5.44,Long,F,Yes,41,Yes,No,No,No,No,No,No
671,3.82,Medium,M,Yes,54,No,No,No,No,Yes,Yes,No
672,7.17,Short,M,No,55,No,No,No,No,Yes,No,No
673,9.89,Long,F,No,36,No,No,No,No,No,Yes,No
674,5,Long,F,Yes,28,Yes,No,No,Yes,Yes,No,Yes
675,5.05,Medium,F,Yes,51,Yes,Yes,Yes,No,Yes,Yes,No
676,6.37,Short,M,Yes,35,Yes,No,No,Yes,Yes,No,Yes
677,7.24,Long,F,No,47,No,No,No,No,No,No,No
678,3.58,Medium,M,Yes,41,No,Yes,No,No,No,Yes,No
679,6.1,Medium,M,No,52,No,No,No,No,No,No,No
680,2.35,Long,M,No,18,Yes,Yes,Yes,No,No,Yes,No
681,6.86,Medium,F,Yes,25,No,No,No,Yes,Yes,No,No
682,8.03,Long,F,No,39,Yes,Yes,Yes,No,No,Yes,No
683,5.95,Short,F,Yes,33,Yes,Yes,No,No,Yes,No,No
684,6.87,Short,F,Yes,50,Yes,Yes,Yes,No,No,Yes,No
685,7.62,Medium,F,Yes,23,No,No,No,No,No,No,Yes
686,7.85,Long,M,No,40,Yes,Yes,No,No,No,No,No
687,6.09,Short,M,Yes,40,Yes,No,No,No,Yes,No,No
688,3.75,Long,F,Yes,44,No,No,No,No,No,No,No
689,8.43,Short,F,Yes,28,Yes,No,No,No,Yes,No,No
690,7.29,Long,M,No,21,No,No,No,No,Yes,No,No
691,6.58,Medium,M,No,55,Yes,No,No,No,No,No,No
692,5.51,Long,F,Yes,39,Yes,Yes,No,No,No,Yes,No
693,9.66,Short,M,Yes,46,No,Yes,No,No,No,Yes,No
694,2.19,Short,F,Yes,24,No,No,No,No,Yes,No,Yes
695,8.08,Short,F,Yes,35,Yes,No,No,No,No,Yes,No
696,9.16,Long,F,Yes,50,No,No,No,No,No,No,No
697,9.97,Long,M,Yes,46,Yes,Yes,No,No,No,Yes,No
698,8.65,Medium,F,Yes,49,No,No,No,No,No,No,No
699,4.88,Long,F,No,29,No,Yes,Yes,No,No,Yes,No
700,3.16,Long,M,No,30,No,Yes,No,No,No,Yes,No
701,3.3,Medium,F,No,52,No,No,No,No,Yes,No,Yes
702,7,Long,F,Yes,25,No,No,No,No,No,Yes,No
703,8.76,Medium,M,No,20,Yes,No,No,No,No,No,No
704,4.36,Long,M,Yes,27,Yes,Yes,No,No,No,Yes,No
705,2.2,Medium,M,Yes,31,Yes,Yes,No,No,No,Yes,Yes
706,9.17,Medium,M,No,42,Yes,Yes,Yes,No,No,Yes,No
707,4.06,Medium,M,No,21,No,No,No,No,No,No,No
708,3.82,Medium,M,No,28,No,No,No,No,No,No,No
709,2.81,Short,M,No,47,Yes,No,No,No,No,No,No
710,6.99,Long,F,No,26,Yes,Yes,Yes,No,No,Yes,Yes
711,5.13,Long,M,Yes,44,No,No,No,No,No,Yes,No
712,5.6,Long,F,No,50,No,No,No,No,No,No,No
713,4.02,Long,M,Yes,23,No,No,Yes,No,No,Yes,Yes
714,7.82,Short,F,Yes,29,No,No,No,No,No,No,Yes
715,8.68,Medium,M,No,36,No,Yes,No,No,No,No,No
716,3.2,Short,F,Yes,27,Yes,Yes,Yes,No,No,Yes,No
717,5,Medium,M,No,43,No,No,No,No,No,No,No
718,9.86,Long,M,Yes,22,Yes,Yes,Yes,No,Yes,Yes,No
719,3.58,Long,F,No,21,No,No,No,No,No,Yes,No
720,5.83,Short,M,Yes,20,No,No,Yes,No,Yes,No,No
721,5.09,Long,M,Yes,30,Yes,No,No,Yes,No,Yes,No
722,9.82,Medium,F,No,50,Yes,Yes,Yes,No,No,Yes,No
723,4.75,Long,M,Yes,53,No,Yes,No,No,No,No,No
724,6.39,Medium,M,No,44,Yes,Yes,No,No,No,Yes,No
725,7.58,Medium,M,No,48,Yes,Yes,No,No,No,Yes,No
726,4.96,Long,F,Yes,24,No,Yes,No,No,Yes,Yes,Yes
727,3.4,Long,F,No,44,Yes,Yes,No,No,No,Yes,No
728,9.68,Long,M,No,53,Yes,No,Yes,No,Yes,Yes,No
729,8.39,Long,F,Yes,41,Yes,No,No,No,No,No,No
730,5.66,Medium,M,Yes,20,No,No,No,No,Yes,No,No
731,5.39,Long,M,Yes,35,Yes,No,No,Yes,Yes,No,No
732,4.38,Long,F,No,53,Yes,No,No,No,No,No,No
733,9.07,Long,F,No,50,No,No,No,No,No,No,No
734,5.15,Long,M,Yes,26,Yes,No,Yes,No,No,Yes,Yes
735,8.74,Medium,M,No,38,Yes,Yes,No,No,Yes,Yes,No
736,4.54,Long,M,No,29,No,No,No,No,No,No,No
737,6.25,Medium,M,Yes,35,Yes,No,No,No,Yes,Yes,No
738,3.61,Medium,M,No,46,No,No,No,Yes,No,No,No
739,8.78,Medium,M,No,22,No,No,No,No,No,No,No
740,9.32,Long,F,Yes,50,No,No,No,No,No,Yes,No
741,7.65,Long,F,No,21,No,No,No,No,No,No,Yes
742,8.56,Long,M,Yes,38,No,No,No,No,No,No,No
743,4.52,Long,M,No,33,Yes,No,No,No,Yes,No,Yes
744,2.75,Long,M,No,49,No,No,No,No,No,No,No
745,2.2,Medium,F,No,28,No,Yes,Yes,No,No,Yes,No
746,6.45,Long,M,No,51,No,No,No,No,No,No,Yes
747,8.67,Medium,F,Yes,48,Yes,Yes,Yes,No,No,Yes,No
748,7.13,Medium,M,Yes,46,No,No,No,No,No,No,No
749,2.73,Short,F,No,47,Yes,No,No,Yes,Yes,No,Yes
750,10.04,Medium,M,Yes,28,No,No,No,No,No,Yes,No
751,2.79,Medium,M,Yes,53,No,No,No,No,No,No,No
752,3.5,Long,M,No,37,No,No,No,No,Yes,No,Yes
753,3.89,Long,F,Yes,35,No,No,No,No,No,Yes,No
754,6.38,Long,F,Yes,52,No,No,No,No,No,Yes,Yes
755,9.64,Medium,F,Yes,25,No,No,No,Yes,No,No,No
756,9.86,Long,F,No,36,No,No,No,Yes,No,No,No
757,3.87,Short,M,No,46,No,No,No,No,No,No,No
758,4.26,Long,M,No,37,No,No,No,No,No,No,No
759,6.53,Long,M,No,45,No,Yes,No,No,No,Yes,No
760,2.53,Long,F,No,41,Yes,Yes,Yes,No,No,Yes,No
761,7.8,Medium,M,No,21,Yes,No,No,No,No,No,No
762,4.45,Medium,M,Yes,19,Yes,Yes,No,No,No,Yes,No
763,9.73,Long,M,No,51,No,No,No,No,No,Yes,Yes
764,2.75,Medium,F,Yes,53,Yes,No,No,No,No,No,No
765,7.49,Medium,F,Yes,22,No,No,No,No,Yes,No,No
766,2.57,Long,F,No,21,Yes,Yes,Yes,No,Yes,No,No
767,8.83,Long,M,Yes,30,No,Yes,No,No,Yes,No,No
768,3.23,Long,M,Yes,51,No,Yes,No,No,No,Yes,Yes
769,5.94,Long,F,No,44,No,Yes,No,Yes,Yes,Yes,Yes
770,2.27,Medium,F,No,53,Yes,No,No,No,Yes,No,No
771,3.64,Long,M,No,50,No,No,No,Yes,Yes,No,No
772,2.82,Long,F,Yes,50,No,No,No,Yes,Yes,No,No
773,3.58,Short,F,No,54,Yes,Yes,Yes,No,No,Yes,No
774,9.41,Medium,F,Yes,17,No,No,No,No,No,No,No
775,2.84,Medium,F,Yes,53,No,No,No,No,No,Yes,No
776,7.25,Medium,F,Yes,33,Yes,Yes,No,No,No,No,No
777,8.58,Medium,F,No,47,No,No,No,No,No,No,No
778,8.3,Medium,F,No,55,Yes,No,No,Yes,Yes,Yes,Yes
779,4.31,Medium,M,No,41,Yes,Yes,No,No,No,Yes,Yes
780,4.39,Long,M,No,32,Yes,Yes,No,No,No,Yes,No
781,5.27,Short,F,No,52,No,No,No,No,No,No,No
782,6.36,Short,F,No,33,No,No,No,No,No,No,Yes
783,10.02,Medium,F,Yes,26,Yes,Yes,Yes,No,No,Yes,No
784,3.6,Medium,M,No,39,No,No,No,No,No,Yes,No
785,3.96,Long,F,Yes,46,No,No,No,No,Yes,No,No
786,8.1,Long,M,Yes,23,Yes,No,No,No,Yes,No,No
787,6.97,Long,F,No,50,No,No,No,No,Yes,No,No
788,4.53,Short,F,Yes,20,Yes,Yes,Yes,No,No,Yes,No
789,4.05,Short,F,Yes,37,No,Yes,No,No,Yes,Yes,No
790,6.97,Long,M,No,45,No,Yes,No,No,No,Yes,No
791,4.76,Medium,M,Yes,22,Yes,Yes,Yes,No,No,Yes,No
792,5.89,Medium,M,No,41,No,No,No,No,No,Yes,No
793,9.11,Long,F,No,40,Yes,No,No,No,No,Yes,No
794,7.91,Long,M,No,53,Yes,Yes,Yes,No,No,No,No
795,4.04,Medium,M,No,52,No,No,No,No,No,No,No
796,7.08,Short,F,No,54,Yes,Yes,Yes,No,Yes,Yes,No
797,3.72,Medium,M,Yes,34,No,No,No,No,No,Yes,No
798,4.53,Long,F,Yes,32,Yes,Yes,No,No,No,No,No
799,5.34,Long,M,No,28,No,Yes,Yes,No,Yes,Yes,Yes
800,5.55,Medium,M,Yes,45,No,No,No,No,No,No,No
801,6.16,Long,F,Yes,37,No,No,Yes,No,Yes,Yes,No
802,7.75,Long,F,No,31,No,No,No,No,No,No,No
803,8.05,Long,F,Yes,48,No,No,No,No,No,Yes,No
804,4.57,Short,F,Yes,24,No,No,No,No,No,No,No
805,7.47,Medium,F,Yes,20,No,No,No,No,Yes,No,Yes
806,5.52,Long,F,No,32,No,Yes,No,No,Yes,Yes,Yes
807,8.78,Long,M,Yes,30,No,No,No,No,Yes,No,No
808,2.48,Medium,F,No,52,Yes,No,No,No,Yes,No,No
809,3.19,Medium,M,No,33,No,No,No,No,Yes,No,No
810,8.9,Medium,F,Yes,42,Yes,Yes,Yes,No,No,Yes,No
811,6.16,Medium,F,Yes,36,No,No,No,No,Yes,No,No
812,9.66,Short,M,Yes,23,Yes,Yes,No,No,No,Yes,No
813,4.56,Long,M,Yes,46,Yes,Yes,No,No,Yes,Yes,No
814,4.22,Long,F,Yes,24,No,Yes,No,No,No,Yes,No
815,5.8,Long,F,Yes,52,Yes,No,Yes,No,No,Yes,No
816,6.6,Short,M,No,19,No,No,No,No,No,Yes,No
817,9.57,Long,M,No,26,Yes,Yes,No,No,No,Yes,No
818,2.61,Long,F,No,23,No,No,No,No,No,No,No
819,7.79,Medium,F,Yes,35,No,No,No,No,Yes,No,No
820,4.6,Medium,M,Yes,23,No,No,No,No,No,No,No
821,2.64,Short,F,Yes,35,No,No,No,No,No,No,No
822,9.91,Short,F,No,27,No,No,No,No,No,No,No
823,2.3,Short,F,Yes,29,Yes,Yes,Yes,No,No,Yes,No
824,2.85,Medium,M,No,50,Yes,No,No,Yes,No,No,No
825,3.22,Short,M,No,35,Yes,No,No,No,No,No,No
826,3.74,Long,F,Yes,39,Yes,No,No,No,No,No,No
827,7.48,Long,F,No,39,No,Yes,No,No,No,Yes,No
828,2.74,Short,F,Yes,51,No,No,No,No,No,No,Yes
829,6.97,Long,M,Yes,30,No,No,No,No,Yes,No,No
830,5.04,Short,F,No,50,No,No,No,No,No,No,No
831,9.76,Long,M,Yes,31,No,No,No,No,No,Yes,No
832,5.43,Long,F,No,36,No,No,Yes,No,No,Yes,No
833,6.25,Long,M,No,33,No,No,No,No,No,No,No
834,6.34,Medium,M,No,56,No,No,No,No,No,Yes,No
835,3.69,Long,M,Yes,55,No,No,No,No,No,Yes,Yes
836,6.83,Medium,M,Yes,40,Yes,Yes,No,No,No,Yes,No
837,8.09,Long,F,No,32,No,Yes,Yes,No,Yes,Yes,No
838,7.41,Long,M,No,40,No,No,No,No,No,No,No
839,2.32,Long,M,Yes,26,No,Yes,Yes,No,Yes,Yes,No
840,4.57,Medium,M,Yes,21,No,No,No,No,No,No,No
841,7.04,Medium,F,No,53,No,No,No,No,No,No,No
842,7.32,Short,F,Yes,28,No,Yes,No,No,No,Yes,No
843,4.46,Medium,F,Yes,36,No,No,No,No,No,Yes,No
844,2.65,Long,F,Yes,26,Yes,No,No,Yes,Yes,No,No
845,9.73,Medium,M,Yes,52,Yes,Yes,No,No,Yes,No,No
846,10.05,Medium,M,Yes,28,Yes,No,Yes,No,No,No,No
847,4.74,Short,F,No,48,No,No,No,No,No,No,No
848,9.27,Long,F,Yes,39,Yes,No,No,No,No,No,No
849,8.17,Short,F,Yes,35,Yes,Yes,Yes,Yes,Yes,Yes,Yes
850,8.44,Long,F,Yes,43,No,Yes,No,No,Yes,Yes,No
851,3.71,Long,F,Yes,42,Yes,Yes,No,No,No,Yes,No
852,3.86,Medium,M,No,23,No,Yes,No,Yes,Yes,Yes,No
853,8.66,Medium,F,Yes,47,Yes,Yes,No,No,No,Yes,Yes
854,2.38,Short,F,No,47,No,No,No,No,Yes,No,Yes
855,8.31,Long,F,Yes,27,Yes,Yes,No,Yes,Yes,Yes,Yes
856,5.76,Long,F,Yes,51,No,No,No,No,No,No,No
857,6.61,Long,F,No,51,Yes,No,No,No,No,No,No
858,6.43,Medium,M,No,51,No,Yes,Yes,No,No,Yes,No
859,6.09,Long,F,Yes,54,No,No,No,No,No,No,No
860,8.77,Long,M,No,49,Yes,Yes,Yes,Yes,No,Yes,No
861,2.17,Long,F,No,39,No,No,No,No,Yes,No,No
862,8.73,Short,F,Yes,30,Yes,Yes,No,No,No,Yes,No
863,9.37,Long,F,No,40,No,No,No,No,Yes,No,No
864,8.32,Long,F,Yes,24,No,No,No,No,No,No,No
865,3.86,Short,F,No,48,Yes,No,No,No,No,Yes,No
866,9.48,Long,F,Yes,49,No,No,No,No,No,No,No
867,5.83,Long,M,Yes,24,Yes,Yes,No,No,Yes,Yes,Yes
868,7.62,Long,F,No,20,Yes,Yes,Yes,Yes,No,Yes,No
869,9.67,Medium,F,No,42,Yes,No,No,No,Yes,No,Yes
870,7.65,Medium,M,No,53,No,No,No,No,No,Yes,No
871,8.83,Long,F,No,36,No,No,Yes,No,Yes,Yes,Yes
872,3.14,Long,F,Yes,26,No,No,No,No,No,No,No
873,9.83,Medium,M,Yes,44,No,No,No,No,No,No,No
874,10.02,Short,F,No,33,No,No,No,No,No,Yes,No
875,8.24,Medium,F,Yes,29,No,No,No,Yes,Yes,No,Yes
876,7.13,Medium,F,No,41,Yes,No,No,No,No,No,No
877,6.08,Medium,M,No,51,No,Yes,No,No,No,Yes,No
878,2.54,Short,M,No,35,No,No,No,No,No,Yes,No
879,2.45,Long,F,No,28,Yes,Yes,Yes,No,No,Yes,No
880,4.05,Short,M,No,40,No,Yes,Yes,No,No,Yes,No
881,4.58,Long,M,No,22,Yes,Yes,Yes,Yes,No,Yes,No
882,4.91,Medium,F,Yes,22,No,No,Yes,No,No,No,No
883,4.48,Medium,M,Yes,24,No,No,Yes,No,No,No,No
884,7.88,Short,F,Yes,25,Yes,No,No,No,Yes,Yes,No
885,3.03,Medium,M,No,27,Yes,No,No,No,Yes,No,No
886,2.69,Short,F,Yes,36,No,No,No,No,No,No,No
887,5.9,Short,M,No,21,No,No,No,No,No,No,No
888,3.82,Short,F,Yes,51,No,No,Yes,No,No,Yes,No
889,4.38,Medium,M,No,36,No,No,No,No,No,No,No
890,6.38,Short,F,Yes,47,No,Yes,Yes,No,No,Yes,Yes
891,8.68,Medium,F,No,49,Yes,Yes,Yes,No,Yes,Yes,No
892,3.46,Long,F,Yes,37,Yes,No,No,No,Yes,No,No
893,9.02,Long,F,Yes,35,No,No,No,No,No,No,No
894,7.22,Long,F,No,20,Yes,Yes,No,No,Yes,Yes,No
895,7.77,Short,M,Yes,42,No,No,No,No,No,No,No
896,3.47,Medium,F,Yes,42,No,No,No,No,Yes,Yes,No
897,9.02,Long,F,Yes,39,No,No,No,No,No,No,Yes
898,2.23,Long,F,Yes,26,Yes,Yes,Yes,No,Yes,No,No
899,3.33,Long,F,No,22,Yes,Yes,No,No,No,Yes,Yes
900,4.21,Long,F,Yes,41,No,No,No,No,No,No,No
901,6.59,Long,F,No,24,No,No,No,No,No,Yes,No
902,5.13,Medium,M,Yes,46,No,No,No,No,No,No,No
903,5.92,Long,M,Yes,34,Yes,No,Yes,No,No,No,No
904,10.15,Medium,F,No,25,Yes,Yes,Yes,No,Yes,Yes,Yes
905,7.27,Long,M,Yes,54,Yes,No,No,No,No,Yes,No
906,5.71,Medium,F,No,41,Yes,No,Yes,No,No,No,No
907,9.3,Long,M,Yes,40,No,No,No,No,No,No,No
908,3.21,Short,F,Yes,27,No,No,No,No,Yes,No,No
909,2.13,Medium,F,No,25,Yes,Yes,Yes,No,No,Yes,No
910,2.81,Short,F,No,31,No,No,Yes,No,Yes,Yes,Yes
911,7.83,Long,F,Yes,31,Yes,No,Yes,No,Yes,Yes,No
912,7.78,Short,F,No,29,No,No,No,No,No,No,Yes
913,7.92,Medium,F,No,32,Yes,No,No,No,No,No,No
914,9.46,Long,F,Yes,49,No,No,No,No,Yes,No,No
915,2.77,Long,F,Yes,44,No,No,No,Yes,Yes,Yes,No
916,2.14,Medium,M,No,38,No,No,No,No,Yes,No,Yes
917,5.13,Medium,F,No,48,No,Yes,Yes,No,No,No,No
918,7.36,Short,M,No,47,Yes,No,No,No,Yes,No,No
919,6.82,Short,F,No,44,Yes,No,No,No,No,No,Yes
920,9.43,Medium,F,Yes,32,No,No,No,No,No,Yes,No
921,7.05,Medium,F,No,36,No,No,No,No,No,No,No
922,8.05,Long,M,No,33,No,No,No,No,Yes,No,No
923,3.45,Medium,M,No,47,No,Yes,No,No,No,No,Yes
924,2.73,Medium,M,Yes,52,Yes,Yes,Yes,No,No,Yes,No
925,2.09,Medium,M,Yes,43,Yes,Yes,No,No,No,Yes,No
926,5.99,Long,F,No,50,No,No,No,No,No,No,No
927,8.65,Medium,F,No,17,Yes,No,No,No,No,No,No
928,4.73,Short,M,Yes,51,Yes,No,No,Yes,No,Yes,No
929,6.4,Short,M,No,35,Yes,Yes,No,Yes,Yes,Yes,Yes
930,4.97,Medium,M,Yes,41,No,No,No,No,Yes,No,No
931,5.57,Short,F,Yes,49,No,No,No,No,No,No,No
932,6.12,Medium,F,No,52,Yes,No,No,No,No,No,Yes
933,2.62,Long,F,Yes,31,No,No,No,No,Yes,No,No
934,3.07,Short,F,No,57,Yes,No,No,No,No,No,No
935,6.38,Short,F,No,34,No,No,No,Yes,No,No,No
936,6.91,Long,F,Yes,43,No,No,No,No,No,No,No
937,7.05,Short,F,No,37,No,No,No,No,Yes,No,No
938,5.33,Short,M,Yes,45,No,Yes,Yes,No,Yes,Yes,Yes
939,7.92,Medium,M,No,30,No,No,No,No,No,No,No
940,4.04,Medium,M,No,24,No,No,No,No,No,Yes,No
941,7.63,Medium,F,No,51,No,No,No,No,Yes,No,No
942,3.04,Long,M,Yes,42,Yes,No,No,No,Yes,Yes,No
943,5.97,Short,M,Yes,19,Yes,No,No,No,Yes,No,No
944,5.23,Medium,M,No,27,Yes,Yes,No,Yes,No,Yes,No
945,5.22,Short,M,Yes,25,Yes,No,No,No,No,No,No
946,5.52,Short,F,No,30,Yes,Yes,No,No,No,Yes,No
947,6.15,Medium,F,Yes,25,No,No,No,No,No,No,No
948,7.28,Medium,F,Yes,28,No,No,No,Yes,Yes,No,Yes
949,6.01,Medium,M,No,27,Yes,Yes,Yes,No,No,Yes,No
950,7.42,Medium,F,Yes,44,No,No,No,No,No,No,No
951,2.3,Long,F,No,38,No,No,No,No,Yes,Yes,Yes
952,9.65,Short,M,Yes,22,Yes,Yes,Yes,No,No,Yes,No
953,8.19,Medium,F,Yes,55,Yes,Yes,Yes,No,Yes,No,No
954,2.2,Medium,F,No,29,Yes,No,Yes,No,Yes,Yes,No
955,9.13,Long,F,No,24,No,Yes,No,No,No,Yes,No
956,6.58,Medium,M,No,52,No,No,No,No,No,Yes,No
957,7.26,Medium,F,No,21,No,No,No,No,No,No,No
958,9.01,Long,F,No,47,Yes,No,No,No,No,No,No
959,3.31,Long,M,No,44,No,No,No,No,No,No,No
960,10.07,Long,M,Yes,21,Yes,Yes,Yes,Yes,No,Yes,No
961,9.36,Long,F,Yes,50,No,No,No,No,No,No,No
962,2.54,Long,F,No,30,No,No,No,Yes,Yes,No,Yes
963,9.63,Short,M,No,35,No,Yes,Yes,No,No,Yes,No
964,5.31,Short,M,Yes,28,No,No,No,No,No,No,No
965,3.5,Medium,F,Yes,29,No,No,No,No,No,No,No
966,8.73,Medium,M,No,22,No,No,No,No,No,Yes,No
967,3.69,Short,M,Yes,25,No,No,No,No,No,No,No
968,3.25,Long,F,Yes,43,Yes,No,No,No,Yes,No,No
969,3.37,Medium,F,Yes,30,No,No,No,No,No,No,No
970,8.45,Long,F,No,41,No,No,Yes,No,No,No,No
971,8.17,Medium,M,Yes,36,Yes,No,Yes,No,No,No,No
972,8.94,Medium,M,Yes,34,No,No,No,No,No,No,No
973,4.01,Long,F,Yes,44,No,No,No,No,No,Yes,No
974,2.14,Medium,M,No,53,No,Yes,Yes,No,No,Yes,Yes
975,4.85,Short,F,No,50,No,Yes,No,Yes,No,Yes,Yes
976,4.19,Long,M,Yes,22,No,No,No,No,No,Yes,No
977,8.99,Long,F,No,44,No,No,No,No,Yes,No,No
978,7.86,Medium,F,Yes,52,Yes,Yes,Yes,No,Yes,Yes,No
979,3.73,Medium,M,No,53,No,No,No,No,No,Yes,No
980,9.9,Short,F,No,53,Yes,Yes,Yes,No,No,Yes,No
981,9.39,Medium,M,No,48,No,Yes,Yes,Yes,Yes,Yes,No
982,9.96,Medium,F,No,22,No,No,No,No,No,No,No
983,9.16,Long,F,Yes,40,Yes,No,No,No,No,No,No
984,6.37,Short,M,Yes,34,No,No,No,No,No,No,No
985,7.29,Medium,M,No,39,No,No,No,No,Yes,No,No
986,4.57,Medium,M,Yes,26,Yes,Yes,Yes,No,No,Yes,No
987,3.77,Medium,M,No,19,No,No,No,No,Yes,No,No
988,6.14,Long,M,No,35,Yes,No,Yes,No,No,Yes,No
989,9.11,Long,F,No,34,Yes,No,Yes,No,Yes,Yes,Yes
990,9.8,Medium,F,No,50,No,No,No,No,Yes,No,No
991,7.58,Short,F,Yes,46,No,No,No,No,No,Yes,No
992,9.53,Short,M,Yes,27,Yes,Yes,No,No,No,Yes,No
993,2.71,Medium,F,No,37,Yes,Yes,No,No,No,No,No
994,4.5,Long,F,Yes,24,No,No,No,No,Yes,No,No
995,6.51,Long,M,No,29,No,No,No,No,No,Yes,No
996,4.46,Medium,F,No,29,Yes,No,No,No,Yes,No,No
997,6.22,Medium,F,Yes,38,Yes,Yes,No,No,Yes,Yes,No
998,5.08,Medium,F,No,26,Yes,No,Yes,No,Yes,Yes,Yes
999,3.27,Long,M,Yes,26,No,No,No,No,Yes,No,No
1000,5.67,Medium,F,Yes,32,Yes,No,No,No,No,Yes,No
1001,4.62,Medium,F,No,26,Yes,Yes,No,No,Yes,Yes,No
1002,7.89,Short,M,No,28,Yes,Yes,Yes,No,Yes,Yes,No
1003,5.85,Long,F,No,42,No,Yes,Yes,No,No,Yes,Yes
1004,2.32,Medium,F,Yes,44,No,No,No,No,No,No,No
1005,2.82,Long,M,Yes,52,No,No,No,No,No,No,No
1006,6.11,Long,F,No,48,No,No,No,No,No,No,No
1007,7.16,Long,M,No,39,Yes,Yes,No,No,No,Yes,No
1008,3.13,Medium,F,No,48,No,No,No,Yes,Yes,No,No
1009,5.92,Long,F,No,46,Yes,Yes,No,Yes,Yes,Yes,No
1010,7.63,Long,F,No,41,No,No,No,No,Yes,No,No
1011,10.05,Long,F,Yes,21,No,No,No,No,No,No,No
1012,6.63,Short,F,No,39,Yes,No,Yes,No,No,No,No
1013,3.66,Medium,M,Yes,41,Yes,Yes,No,Yes,No,Yes,No
1014,5.32,Long,M,Yes,35,Yes,No,No,No,Yes,No,No
1015,6.14,Medium,M,Yes,37,Yes,No,No,No,Yes,No,No
1016,4.92,Medium,F,Yes,30,No,No,No,No,No,No,No
1017,3.3,Long,M,Yes,49,No,Yes,Yes,No,Yes,Yes,No
1018,5.54,Short,F,No,27,No,No,No,No,No,No,No
1019,9.73,Short,M,No,46,No,No,No,No,No,Yes,No
1020,9.42,Long,M,Yes,42,Yes,No,No,No,No,Yes,No
1021,9.13,Long,F,No,50,No,No,No,No,Yes,Yes,No
1022,8.86,Medium,F,No,30,No,No,Yes,No,Yes,Yes,No
1023,6.05,Long,M,Yes,55,Yes,Yes,Yes,No,No,No,No
1024,3.65,Medium,M,No,52,No,No,No,No,No,No,No
1025,8.04,Medium,M,No,21,No,No,No,No,Yes,No,No
1026,8.95,Medium,M,Yes,29,No,No,No,No,Yes,No,No
1027,8.28,Medium,M,Yes,44,No,Yes,Yes,No,Yes,No,Yes
1028,7.4,Medium,F,Yes,49,No,Yes,No,No,Yes,Yes,No
1029,3.29,Long,F,Yes,55,No,Yes,No,No,No,No,No
1030,2.39,Long,F,No,31,No,No,No,No,No,No,No
1031,6.29,Short,F,Yes,22,Yes,No,Yes,No,No,Yes,No
1032,4,Long,F,No,45,Yes,Yes,No,No,No,No,Yes
1033,3.47,Long,F,Yes,52,Yes,Yes,Yes,No,No,Yes,No
1034,2.56,Short,M,Yes,26,No,No,No,No,Yes,No,No
1035,4.32,Short,M,No,54,No,No,No,No,No,No,No
1036,7.5,Short,M,No,42,No,No,No,No,No,No,No
1037,5.52,Short,F,Yes,44,No,No,No,No,No,No,No
1038,2.7,Long,M,Yes,50,Yes,Yes,No,No,Yes,Yes,No
1039,3.74,Medium,M,No,32,No,No,No,Yes,No,No,No
1040,5.38,Medium,M,Yes,45,Yes,Yes,Yes,No,Yes,Yes,No
1041,5.98,Medium,M,No,38,No,No,No,No,No,Yes,No
1042,5.27,Long,F,Yes,52,No,No,No,No,No,No,Yes
1043,8.67,Long,M,Yes,19,No,No,No,No,Yes,No,No
1044,4.1,Short,M,No,24,Yes,No,No,No,No,Yes,No
1045,9.53,Long,M,No,53,No,No,No,No,No,Yes,No
1046,9.19,Long,F,No,30,No,No,No,No,No,No,No
1047,6.14,Long,M,Yes,42,No,Yes,Yes,No,No,Yes,Yes
1048,3.77,Medium,F,Yes,34,No,No,No,No,No,No,No
1049,9.24,Medium,M,No,54,Yes,Yes,No,No,No,Yes,No
1050,9.18,Long,F,No,30,No,No,No,No,No,No,No
1051,5.61,Long,F,No,50,Yes,No,No,No,No,Yes,No
1052,7.52,Medium,F,No,51,No,No,Yes,Yes,No,Yes,No
1053,6.05,Long,F,No,49,No,No,No,No,No,No,No
1054,3.63,Medium,M,No,43,Yes,No,No,No,No,No,No
1055,3.32,Medium,F,No,25,No,No,No,No,No,Yes,No
1056,4.32,Medium,F,No,34,Yes,Yes,Yes,No,No,Yes,Yes
1057,4.44,Long,M,No,22,Yes,Yes,Yes,No,No,Yes,No
1058,6.16,Medium,M,No,52,Yes,No,No,No,No,No,No
1059,8.14,Long,F,Yes,51,No,Yes,No,No,No,Yes,No
1060,6.11,Long,F,No,40,No,No,No,No,Yes,No,No
1061,8.35,Long,F,No,37,No,No,No,No,No,No,No
1062,4.8,Medium,F,Yes,39,No,No,No,No,Yes,No,No
1063,5.1,Long,F,No,47,No,No,No,No,No,No,No
1064,8.29,Long,M,Yes,47,No,No,No,No,Yes,No,No
1065,5.94,Medium,F,No,25,Yes,No,No,No,No,Yes,No
1066,5.31,Long,F,No,33,Yes,No,No,No,No,No,No
1067,5.88,Short,M,Yes,22,No,Yes,No,No,Yes,No,No
1068,5.26,Long,F,No,57,Yes,No,No,No,No,Yes,No
1069,6.45,Short,M,No,32,Yes,No,No,No,No,No,Yes
1070,8.97,Short,F,Yes,45,No,No,No,No,No,No,No
1071,6.01,Medium,F,Yes,25,No,No,No,No,No,No,No
1072,8.87,Long,F,No,20,No,No,No,No,No,No,No
1073,3.39,Long,F,Yes,36,Yes,No,No,No,No,No,No
1074,9.6,Medium,F,Yes,36,No,Yes,No,No,No,No,No
1075,8.58,Medium,M,Yes,32,No,Yes,Yes,No,Yes,Yes,No
1076,2.4,Long,F,Yes,27,Yes,No,No,No,No,No,No
1077,2.04,Short,F,Yes,26,Yes,No,Yes,Yes,No,No,Yes
1078,5.45,Medium,M,Yes,28,No,No,No,No,No,No,Yes
1079,2.53,Short,M,No,55,No,Yes,Yes,No,No,No,Yes
1080,6.99,Medium,F,No,49,Yes,No,Yes,No,Yes,Yes,No
1081,4.44,Short,M,No,51,Yes,No,No,No,No,Yes,No
1082,3.43,Long,F,Yes,37,No,No,No,No,No,No,No
1083,6.05,Long,M,Yes,38,No,No,No,No,No,Yes,No
1084,2.96,Long,F,Yes,54,Yes,Yes,No,No,Yes,Yes,No
1085,2.67,Medium,M,Yes,47,No,No,No,No,No,No,No
1086,7.38,Medium,F,Yes,47,No,No,No,Yes,No,No,Yes
1087,4.47,Short,F,Yes,25,Yes,Yes,Yes,Yes,Yes,Yes,Yes
1088,7.03,Long,F,Yes,46,No,No,No,No,No,No,No
1089,8.07,Long,F,No,25,Yes,Yes,No,No,Yes,Yes,No
1090,2.16,Short,F,No,44,Yes,Yes,Yes,No,Yes,No,No
1091,2.22,Short,M,Yes,51,No,No,No,No,Yes,No,Yes
1092,9.82,Medium,F,No,51,No,No,No,No,Yes,No,No
1093,4.8,Short,M,Yes,49,Yes,Yes,Yes,No,No,Yes,Yes
1094,2.85,Long,F,No,45,No,No,No,Yes,Yes,No,No
1095,9.53,Short,M,No,33,Yes,No,No,Yes,Yes,No,Yes
1096,9.52,Short,F,Yes,35,No,No,No,No,Yes,No,No
1097,6.34,Long,M,No,34,Yes,No,No,No,Yes,No,No
1098,7.76,Long,F,No,50,No,No,No,No,No,No,No
1099,5.65,Short,F,Yes,47,Yes,Yes,No,No,Yes,No,No
1100,9.25,Long,F,No,22,No,No,No,No,No,No,Yes
1101,8.09,Long,F,Yes,37,Yes,Yes,No,No,No,Yes,No
1102,4.71,Long,M,Yes,22,Yes,Yes,No,No,No,Yes,No
1103,6.42,Short,F,Yes,49,No,Yes,No,No,No,Yes,No
1104,6.54,Medium,M,No,47,No,No,No,No,No,No,No
1105,9.53,Medium,M,No,24,No,No,No,No,No,No,Yes
1106,6.45,Medium,M,No,27,No,No,No,No,No,Yes,No
1107,5.78,Long,M,Yes,28,No,No,No,No,No,No,No
1108,5.25,Medium,M,No,46,No,Yes,No,No,No,Yes,No
1109,7.46,Medium,M,No,39,No,Yes,No,No,No,Yes,No
1110,5.05,Medium,F,Yes,32,No,No,No,No,No,No,No
1111,5.17,Long,F,No,28,No,No,No,No,Yes,No,No
1112,3.17,Medium,F,No,27,No,No,No,Yes,Yes,No,No
1113,5.18,Medium,F,Yes,24,No,No,No,No,No,No,No
1114,3.93,Long,M,Yes,44,No,No,No,No,No,No,No
1115,4.97,Medium,M,No,45,No,No,No,No,Yes,No,No
1116,3.01,Short,F,No,54,Yes,No,No,No,No,No,No
1117,9.05,Short,F,Yes,50,No,Yes,No,No,No,Yes,No
1118,4.55,Medium,M,No,46,No,No,No,No,No,No,No
1119,4.33,Medium,M,Yes,39,Yes,Yes,Yes,No,No,Yes,Yes
1120,4.03,Long,F,Yes,52,No,No,No,No,Yes,No,No
1121,8.66,Long,F,Yes,29,No,Yes,No,No,No,Yes,No
1122,5.7,Long,M,Yes,25,No,No,No,No,Yes,No,No
1123,4.96,Medium,M,Yes,44,No,No,No,No,No,Yes,No
1124,3.22,Long,F,Yes,28,Yes,Yes,Yes,No,No,Yes,Yes
1125,9.44,Short,M,Yes,27,Yes,Yes,Yes,No,No,Yes,No
1126,2.29,Medium,M,No,32,No,Yes,No,No,Yes,No,No
1127,6.54,Medium,M,No,45,No,No,No,No,No,No,No
1128,8.23,Medium,M,Yes,39,No,No,No,No,No,Yes,No
1129,9.25,Medium,F,Yes,22,Yes,No,No,No,No,No,Yes
1130,4.79,Medium,M,No,29,No,No,No,No,No,Yes,No
1131,5.18,Medium,F,Yes,24,No,No,No,No,Yes,No,No
1132,3.71,Short,F,Yes,20,No,No,No,No,No,No,No
1133,2.81,Medium,F,Yes,37,Yes,No,No,No,No,No,No
1134,4.49,Short,M,Yes,24,No,No,No,No,No,No,No
1135,7.54,Long,F,No,54,No,No,No,Yes,Yes,No,No
1136,7.57,Short,F,Yes,44,Yes,Yes,Yes,No,No,Yes,Yes
1137,2.28,Long,F,Yes,40,Yes,No,No,No,No,No,No
1138,6.66,Medium,M,No,51,No,No,No,No,Yes,No,Yes
1139,9.96,Medium,M,No,32,No,No,No,No,No,Yes,No
1140,7.89,Medium,M,Yes,40,No,No,No,Yes,No,No,No
1141,6.01,Medium,M,Yes,36,No,Yes,No,No,Yes,Yes,No
1142,7.85,Short,M,Yes,34,No,No,No,No,No,No,No
1143,9.92,Short,F,No,28,No,No,No,No,No,No,No
1144,7.88,Medium,F,Yes,52,No,No,No,No,Yes,No,No
1145,5.82,Medium,M,Yes,52,Yes,Yes,No,No,No,Yes,No
1146,7.37,Long,M,Yes,48,No,No,No,No,No,Yes,No
1147,7.69,Long,M,No,23,No,Yes,Yes,No,No,Yes,No
1148,5.57,Long,F,Yes,25,No,No,No,No,Yes,No,No
1149,9.22,Short,F,No,55,No,No,No,No,No,Yes,No
1150,7.97,Short,M,No,24,Yes,No,No,No,Yes,No,Yes
1151,6.97,Long,F,No,50,No,No,No,No,Yes,No,No
1152,2.8,Medium,F,Yes,45,Yes,No,No,No,No,No,No
1153,6.88,Medium,F,Yes,29,No,No,No,No,Yes,No,No
1154,7.91,Medium,M,Yes,34,No,No,No,No,No,No,No
1155,5.07,Long,M,Yes,29,No,No,No,No,Yes,Yes,No
1156,7.84,Short,F,Yes,38,No,No,No,No,Yes,Yes,No
1157,2.85,Long,F,Yes,46,No,No,No,No,No,No,No
1158,8.63,Long,F,Yes,41,Yes,Yes,Yes,No,No,Yes,No
1159,8.63,Long,M,No,36,Yes,No,Yes,No,Yes,Yes,Yes
1160,5.68,Long,F,No,49,Yes,Yes,No,No,No,Yes,No
1161,9.59,Short,M,Yes,46,No,No,No,No,No,No,No
1162,8.85,Long,M,Yes,30,Yes,No,Yes,No,No,No,No
1163,5.37,Long,F,No,40,No,No,No,No,No,No,No
1164,8.15,Long,M,Yes,38,Yes,No,Yes,No,No,No,No
1165,2.57,Long,F,Yes,42,Yes,No,No,No,Yes,No,No
1166,2.16,Long,F,No,37,No,No,No,No,No,No,No
1167,2.86,Short,F,No,47,Yes,Yes,Yes,No,No,Yes,No
1168,2.81,Long,F,Yes,55,No,No,No,No,No,No,No
1169,9.86,Long,M,Yes,25,Yes,Yes,No,No,No,Yes,Yes
1170,5.24,Medium,F,No,31,No,No,No,No,No,Yes,Yes
1171,8.72,Medium,M,No,24,Yes,Yes,No,No,No,Yes,No
1172,8.4,Short,M,No,25,No,No,No,No,Yes,No,No
1173,9.81,Long,M,Yes,29,No,No,No,No,No,No,No
1174,6.31,Long,F,Yes,27,Yes,No,No,No,No,No,No
1175,2.65,Long,F,No,40,No,No,No,No,No,No,No
1176,3.74,Medium,M,No,52,No,No,No,No,No,Yes,Yes
1177,9.89,Medium,M,Yes,20,No,No,No,No,Yes,No,Yes
1178,9.96,Short,M,No,49,No,No,No,No,No,Yes,Yes
1179,8.84,Medium,M,No,48,No,No,No,No,Yes,Yes,No
1180,7.68,Short,F,No,56,No,No,No,No,No,No,No
1181,3.91,Long,M,Yes,48,No,No,No,Yes,No,No,Yes
1182,4.83,Short,M,Yes,23,Yes,No,No,No,Yes,Yes,No
1183,4.75,Medium,F,Yes,38,Yes,Yes,Yes,No,No,Yes,No
1184,7.24,Medium,M,Yes,19,No,No,No,No,No,No,No
1185,9.64,Long,M,No,54,No,No,Yes,No,No,Yes,No
1186,2.25,Long,M,No,20,No,No,No,No,No,Yes,No
1187,3.64,Short,F,Yes,20,No,No,No,No,Yes,No,Yes
1188,3.87,Medium,M,No,31,No,No,No,No,No,No,No
1189,8.02,Long,F,No,38,Yes,Yes,Yes,No,No,Yes,No
1190,8.05,Medium,M,Yes,43,Yes,Yes,No,No,No,No,No
1191,2.16,Long,F,No,43,No,No,No,No,Yes,No,No
1192,5.6,Long,M,Yes,24,No,Yes,No,No,No,Yes,No
1193,4.55,Medium,M,Yes,50,Yes,No,No,No,No,No,No
1194,4.79,Medium,M,No,52,Yes,Yes,No,Yes,Yes,No,Yes
1195,4.03,Medium,M,No,48,No,No,No,No,Yes,No,No
1196,3.52,Short,F,No,21,Yes,Yes,No,Yes,Yes,Yes,Yes
1197,2.98,Long,F,Yes,54,No,No,No,No,Yes,No,No
1198,2.8,Medium,F,Yes,52,No,No,No,No,No,Yes,No
1199,3.84,Short,F,Yes,54,No,No,No,No,Yes,No,No
1200,8.31,Long,F,No,39,No,No,No,No,No,No,No
1201,8.7,Medium,M,No,31,No,No,No,No,Yes,No,No
1202,2.8,Medium,F,Yes,54,Yes,No,No,No,No,Yes,No
1203,2.84,Medium,F,Yes,52,No,No,No,No,No,No,Yes
1204,2.5,Medium,M,No,26,Yes,No,No,No,Yes,No,No
1205,9.3,Medium,M,No,48,Yes,Yes,No,No,Yes,Yes,No
1206,2.44,Short,M,No,39,Yes,Yes,Yes,No,No,Yes,No
1207,9.78,Long,M,Yes,31,Yes,No,No,No,No,No,No
1208,8.63,Medium,M,No,22,No,Yes,Yes,No,No,Yes,Yes
1209,8.63,Long,F,No,53,No,No,Yes,Yes,Yes,Yes,No
1210,6.39,Short,F,Yes,46,No,No,No,No,No,No,No
1211,8.88,Medium,F,Yes,33,Yes,Yes,No,No,No,Yes,No
1212,2.99,Long,F,No,27,No,No,No,No,No,No,No
1213,3.43,Long,F,Yes,40,Yes,No,No,No,No,Yes,Yes
1214,8.79,Medium,F,Yes,36,No,No,No,No,Yes,No,No
1215,7.59,Long,F,No,50,No,No,No,No,No,No,No
1216,2.55,Long,F,Yes,49,No,No,No,No,No,No,No
1217,9.3,Short,F,No,28,Yes,Yes,Yes,No,No,No,No
1218,2.71,Short,M,Yes,26,No,No,No,No,No,No,No
1219,5.03,Long,F,No,19,No,No,No,No,Yes,No,No
1220,4.5,Long,M,No,23,No,No,No,No,No,No,No
1221,7.78,Medium,M,No,36,No,No,No,No,Yes,No,No
1222,2.42,Medium,F,No,18,No,Yes,No,No,No,No,No
1223,3.53,Medium,M,Yes,35,No,No,No,No,Yes,No,No
1224,7.53,Long,F,Yes,38,No,No,No,No,No,No,No
1225,2.19,Long,M,Yes,47,No,No,No,No,Yes,No,No
1226,2.45,Long,M,Yes,38,Yes,No,Yes,No,Yes,No,Yes
1227,5.22,Medium,M,No,27,No,No,No,No,Yes,Yes,No
1228,6.15,Medium,F,No,49,No,Yes,Yes,No,No,Yes,No
1229,2.34,Short,M,No,43,No,No,No,No,No,No,No
1230,8.15,Medium,M,No,23,Yes,Yes,No,No,No,Yes,No
1231,8.12,Medium,M,No,24,No,No,No,No,No,No,No
1232,9.12,Long,M,Yes,51,No,No,No,No,No,No,No
1233,9.39,Long,F,No,42,Yes,No,No,No,Yes,No,No
1234,2.93,Long,M,No,22,No,No,No,No,No,No,Yes
1235,3.07,Medium,M,No,28,No,No,No,No,No,Yes,Yes
1236,9.34,Medium,M,No,32,No,No,No,No,Yes,No,No
1237,2.95,Short,F,No,45,Yes,No,No,Yes,No,No,Yes
1238,5.77,Short,M,No,27,No,No,No,No,No,No,No
1239,3.26,Long,M,No,28,No,No,No,Yes,No,No,No
1240,2.52,Long,F,No,21,Yes,No,Yes,No,No,Yes,No
1241,7.22,Short,M,No,51,No,No,No,Yes,Yes,No,Yes
1242,5.82,Short,M,Yes,35,No,No,No,No,No,Yes,No
1243,9.18,Medium,F,No,33,No,No,No,No,Yes,No,No
1244,3.72,Long,M,No,50,Yes,No,No,Yes,Yes,No,No
1245,4.8,Medium,F,Yes,38,No,No,Yes,No,No,No,No
1246,9.32,Long,F,No,25,Yes,No,No,No,No,No,No
1247,3.1,Medium,F,Yes,25,Yes,Yes,Yes,No,Yes,Yes,No
1248,3.36,Short,M,No,17,Yes,No,No,No,No,No,No
1249,6.41,Medium,F,No,27,Yes,Yes,Yes,No,No,Yes,No
1250,3.89,Long,M,Yes,31,No,No,No,Yes,Yes,No,No
1251,2.85,Medium,M,No,49,No,No,Yes,No,Yes,No,No
1252,2.93,Medium,F,Yes,26,Yes,Yes,Yes,No,Yes,Yes,No
1253,7.18,Long,F,No,50,No,No,No,No,Yes,No,No
1254,8.11,Long,F,No,37,No,No,No,No,No,Yes,No
1255,3.19,Long,F,Yes,29,No,No,No,No,Yes,No,No
1256,7.43,Long,F,Yes,50,No,No,No,No,Yes,Yes,No
1257,3.69,Short,F,No,46,Yes,Yes,No,No,No,Yes,No
1258,2.23,Short,F,Yes,48,No,No,No,No,Yes,No,No
1259,5.89,Medium,F,Yes,54,No,No,No,No,No,No,Yes
1260,2.67,Medium,F,Yes,56,Yes,No,No,No,No,Yes,No
1261,8.42,Short,M,Yes,42,Yes,No,No,No,No,Yes,No
1262,3.74,Medium,F,Yes,36,Yes,No,No,Yes,No,No,Yes
1263,7.48,Long,M,Yes,28,Yes,No,No,No,No,No,No
1264,9.34,Long,M,No,37,Yes,No,No,No,Yes,No,No
1265,4.55,Short,M,Yes,24,No,No,No,No,No,No,No
1266,6.14,Long,M,No,33,No,No,No,No,No,No,Yes
1267,5.21,Medium,F,Yes,31,No,No,No,No,Yes,Yes,No
1268,2.2,Medium,M,Yes,45,No,No,No,No,No,No,No
1269,5.05,Short,F,Yes,29,Yes,Yes,Yes,No,Yes,Yes,Yes
1270,3.57,Medium,F,No,37,No,No,No,No,Yes,No,No
1271,5.54,Long,M,No,29,No,No,No,No,No,Yes,No
1272,8.2,Medium,F,Yes,28,No,No,No,No,No,No,No
1273,9.18,Long,F,Yes,47,No,No,No,No,No,Yes,No
1274,3.7,Short,F,Yes,55,No,No,No,No,Yes,No,No
1275,4.57,Medium,F,No,48,No,Yes,Yes,Yes,No,Yes,No
1276,7.73,Long,F,Yes,23,No,No,No,No,No,No,No
1277,2.59,Medium,F,No,37,No,No,No,No,Yes,No,No
1278,8.52,Medium,F,No,20,Yes,No,Yes,Yes,No,Yes,No
1279,7.88,Medium,F,Yes,53,No,Yes,Yes,No,Yes,No,Yes
1280,4.17,Medium,M,Yes,20,No,No,No,No,Yes,Yes,No
1281,6.38,Long,M,No,17,No,No,No,No,Yes,No,No
1282,3.8,Medium,M,Yes,29,No,No,No,Yes,Yes,Yes,Yes
1283,4.92,Short,F,Yes,29,Yes,Yes,No,No,No,No,Yes
1284,6.88,Short,F,Yes,50,Yes,No,No,No,Yes,No,Yes
1285,6.69,Long,M,Yes,24,No,No,No,No,No,No,No
1286,2.49,Medium,M,No,19,No,Yes,No,No,No,No,No
1287,5.92,Medium,M,No,26,No,No,No,No,No,No,No
1288,2.84,Short,F,No,27,Yes,Yes,Yes,No,Yes,Yes,No
1289,2.33,Medium,F,No,55,No,No,No,No,No,No,No
1290,2.55,Long,F,No,41,No,No,No,No,No,No,No
1291,7.73,Long,F,No,32,Yes,Yes,No,No,Yes,Yes,No
1292,5.62,Medium,M,No,23,No,No,No,No,Yes,No,No
1293,6.14,Long,M,No,32,No,No,No,No,Yes,No,No
1294,3.78,Long,M,Yes,46,No,No,No,No,No,No,No
1295,3.5,Long,F,No,46,No,Yes,Yes,Yes,Yes,Yes,Yes
1296,6.03,Long,F,No,46,No,No,No,No,No,No,No
1297,5.14,Long,M,Yes,47,No,Yes,No,No,Yes,No,No
1298,2.91,Medium,F,Yes,33,No,No,No,No,No,No,Yes
1299,6.25,Medium,M,Yes,44,Yes,No,No,No,No,No,No
1300,3.39,Long,F,Yes,38,Yes,No,No,No,Yes,No,No
1301,5.78,Short,M,Yes,51,No,No,No,No,Yes,No,Yes
1302,9.3,Medium,F,Yes,50,No,Yes,Yes,No,No,Yes,No
1303,5.04,Medium,F,No,20,No,No,Yes,No,No,No,No
1304,7.14,Long,F,Yes,26,No,No,No,Yes,Yes,No,No
1305,7.77,Long,F,Yes,38,Yes,Yes,No,No,No,Yes,No
1306,2.2,Medium,F,No,20,Yes,Yes,No,No,Yes,No,No
1307,3.31,Medium,F,Yes,26,Yes,No,No,No,No,Yes,No
1308,7.86,Long,F,Yes,38,No,No,No,No,Yes,No,Yes
1309,4.34,Long,M,No,53,No,No,No,Yes,No,No,No
1310,9.52,Short,M,Yes,24,No,No,No,No,No,No,No
1311,8.37,Long,F,Yes,23,No,No,No,No,Yes,No,Yes
1312,8.08,Medium,M,No,21,No,No,No,No,Yes,No,No
1313,2.04,Medium,M,No,40,No,Yes,No,No,No,No,No
1314,3.85,Medium,M,No,33,No,No,No,No,No,Yes,No
1315,4.19,Short,M,No,27,Yes,Yes,No,No,Yes,Yes,No
1316,2.91,Long,F,No,47,Yes,No,Yes,No,Yes,Yes,No
1317,4.14,Short,F,Yes,32,No,No,Yes,No,No,No,No
1318,9.62,Long,M,Yes,21,No,Yes,Yes,Yes,Yes,Yes,Yes
1319,4.51,Medium,M,Yes,19,No,No,No,Yes,No,No,No
1320,5.61,Short,F,No,39,Yes,No,No,No,No,No,No
1321,9.16,Long,F,Yes,41,No,No,Yes,Yes,Yes,No,No
1322,6.41,Medium,F,No,25,No,No,No,No,No,No,Yes
1323,9.02,Medium,F,No,45,No,No,Yes,No,No,No,No
1324,4.98,Medium,F,No,21,No,Yes,No,No,No,Yes,No
1325,8.33,Medium,F,Yes,34,No,No,No,No,No,No,No
1326,2.34,Long,F,Yes,24,No,No,No,No,No,No,No
1327,7.06,Long,F,Yes,48,No,No,No,Yes,No,No,No
1328,2.57,Short,M,No,34,No,Yes,No,No,No,Yes,No
1329,8,Short,F,Yes,39,No,No,No,No,No,No,No
1330,3.23,Short,M,No,33,No,Yes,Yes,No,Yes,Yes,No
1331,5.91,Short,M,No,20,No,No,No,No,No,No,No
1332,5.92,Short,F,No,38,Yes,No,Yes,No,No,No,No
1333,5.17,Long,M,Yes,47,No,No,No,No,No,No,No
1334,3.2,Long,F,Yes,51,No,No,No,Yes,Yes,No,No
1335,2.03,Short,F,Yes,29,Yes,No,No,No,No,No,Yes
1336,3.2,Short,F,Yes,31,Yes,No,No,No,No,No,Yes
1337,2.89,Long,M,Yes,36,No,No,No,No,No,Yes,No
1338,4.22,Medium,F,No,46,Yes,Yes,Yes,No,No,No,Yes
1339,9.35,Long,M,No,34,Yes,No,Yes,Yes,No,No,Yes
1340,2.14,Short,F,Yes,50,No,No,No,No,No,No,No
1341,7.71,Medium,M,No,22,No,No,No,No,No,Yes,No
1342,7.46,Long,M,No,39,Yes,Yes,No,No,No,Yes,No
1343,7.8,Short,F,No,32,No,Yes,No,Yes,No,No,No
1344,9.48,Long,F,No,40,No,No,No,No,Yes,No,No
1345,2.95,Long,M,No,50,No,No,No,No,No,No,No
1346,5.86,Medium,M,Yes,55,Yes,No,Yes,No,Yes,No,No
1347,7.39,Short,M,No,41,No,No,Yes,No,No,No,Yes
1348,3.28,Long,M,No,41,No,Yes,No,No,No,Yes,No
1349,2.09,Long,F,No,40,Yes,No,No,No,No,Yes,No
1350,5.41,Short,M,Yes,25,No,No,Yes,No,Yes,Yes,No
1351,2.75,Long,M,No,48,Yes,Yes,Yes,No,No,Yes,No
1352,3.94,Long,F,No,30,No,No,No,No,No,No,No
1353,7.58,Medium,F,No,55,No,No,No,Yes,Yes,No,No
1354,7.83,Long,M,Yes,29,Yes,No,No,No,No,No,No
1355,3.01,Long,M,Yes,56,Yes,No,No,No,No,No,No
1356,2.88,Long,M,No,53,Yes,Yes,Yes,Yes,Yes,Yes,No
1357,7.6,Short,F,Yes,44,No,Yes,Yes,Yes,Yes,Yes,No
1358,8.58,Long,M,No,33,No,No,No,No,No,No,Yes
1359,7.25,Medium,F,Yes,52,Yes,No,No,No,No,No,No
1360,2.87,Medium,M,No,55,Yes,Yes,Yes,No,No,Yes,No
1361,3.96,Long,F,No,32,No,No,No,Yes,Yes,No,Yes
1362,9.38,Long,M,No,32,No,Yes,No,No,No,No,Yes
1363,9.46,Long,M,No,34,No,No,No,No,No,No,No
1364,2.98,Long,M,No,49,No,No,No,No,No,Yes,No
1365,3.78,Medium,M,Yes,47,Yes,No,Yes,No,No,Yes,No
1366,9.48,Short,M,Yes,48,No,No,No,No,No,Yes,No
1367,5.95,Medium,F,Yes,52,Yes,Yes,Yes,No,No,Yes,No
1368,5.55,Long,F,No,43,Yes,Yes,No,No,Yes,Yes,No
1369,3.82,Medium,F,Yes,26,No,Yes,Yes,No,No,Yes,No
1370,7.19,Short,M,No,41,No,No,No,No,No,Yes,No
1371,2.67,Short,M,No,33,No,No,No,No,No,No,No
1372,7.33,Medium,F,No,21,No,No,No,No,Yes,No,No
1373,3.24,Short,F,No,37,Yes,Yes,No,No,No,Yes,No
1374,7.34,Short,M,No,50,No,No,No,No,No,No,No
1375,9.08,Medium,M,No,26,No,No,No,No,No,No,No
1376,7.84,Medium,M,No,25,No,No,No,No,No,No,No
1377,3.43,Short,F,No,53,No,Yes,No,No,No,Yes,No
1378,5.6,Short,F,No,42,No,No,No,Yes,Yes,No,Yes
1379,5.19,Short,M,Yes,27,Yes,No,Yes,No,No,No,No
1380,7.05,Medium,F,Yes,29,No,No,No,No,No,No,No
1381,7.58,Long,M,Yes,32,No,No,No,No,No,No,No
1382,8.47,Medium,F,Yes,46,No,Yes,No,No,No,No,No
1383,2.38,Long,M,No,20,Yes,Yes,Yes,No,Yes,Yes,Yes
1384,3.74,Long,F,Yes,35,No,No,No,No,No,No,No
1385,7.28,Medium,F,No,19,Yes,No,No,No,Yes,No,No
1386,7.49,Long,F,No,43,No,No,No,No,No,No,No
1387,9.41,Long,F,Yes,49,No,No,No,No,No,No,No
1388,6.53,Short,M,Yes,35,Yes,No,No,No,No,No,No
1389,8.13,Short,F,Yes,29,Yes,Yes,Yes,No,No,Yes,No
1390,3.67,Medium,M,No,42,No,No,No,No,No,No,No
1391,6.32,Short,M,No,34,No,No,No,No,No,Yes,No
1392,2.37,Medium,F,No,22,No,No,No,No,No,No,No
1393,5.71,Long,M,No,29,Yes,Yes,Yes,No,No,Yes,No
1394,7.9,Medium,F,No,34,Yes,No,No,No,No,No,No
1395,8.62,Medium,M,Yes,32,No,No,No,No,No,No,No
1396,3.79,Short,M,No,41,No,No,No,Yes,Yes,Yes,No
1397,6.49,Long,M,No,23,Yes,Yes,No,Yes,Yes,Yes,No
1398,8.23,Medium,M,Yes,36,Yes,Yes,Yes,No,No,Yes,No
1399,3.65,Short,F,Yes,22,Yes,Yes,Yes,No,No,Yes,No
1400,4.19,Short,M,No,41,No,No,No,No,Yes,No,No
1401,5.03,Long,M,Yes,29,No,No,No,No,Yes,No,No
1402,2.77,Medium,F,Yes,51,No,Yes,No,No,No,Yes,No
1403,2.81,Long,F,No,26,No,Yes,No,No,Yes,No,No
1404,6.44,Medium,F,No,43,No,No,No,No,No,No,No
1405,7.9,Medium,F,Yes,54,No,No,No,No,No,No,No
1406,8.67,Medium,M,No,21,No,No,No,No,Yes,No,No
1407,9,Long,M,Yes,54,No,No,Yes,No,No,Yes,No
1408,3,Medium,F,Yes,35,No,No,No,No,No,No,No
1409,2.55,Medium,M,Yes,31,Yes,No,No,No,No,Yes,No
1410,8.37,Long,F,No,22,No,Yes,No,No,No,Yes,No
1411,3.36,Short,M,No,21,Yes,Yes,No,No,No,Yes,No
1412,2.2,Short,M,Yes,53,Yes,No,No,No,No,No,No
1413,9.71,Long,F,No,38,Yes,Yes,No,No,No,No,Yes
1414,4,Long,M,Yes,44,No,No,No,No,No,No,No
1415,5.38,Medium,F,Yes,31,Yes,No,No,No,Yes,No,No
1416,7.52,Long,F,No,56,No,No,No,No,No,No,No
1417,2.85,Medium,F,No,22,No,No,No,No,Yes,No,No
1418,7.89,Medium,M,No,19,Yes,No,Yes,No,Yes,Yes,No
1419,9.6,Medium,F,No,43,No,No,No,No,Yes,No,Yes
1420,7.97,Short,F,Yes,36,No,No,No,No,No,No,No
1421,2.34,Long,M,Yes,30,Yes,Yes,Yes,No,No,Yes,Yes
1422,4.32,Medium,M,Yes,35,No,No,No,No,No,No,No
1423,6.93,Short,F,No,40,Yes,Yes,Yes,No,Yes,Yes,Yes
1424,8.01,Long,M,Yes,19,Yes,No,No,No,No,No,No
1425,3.77,Medium,M,No,31,No,No,No,No,Yes,No,Yes
1426,4.31,Short,F,No,39,Yes,Yes,No,No,No,No,No
1427,2.32,Medium,F,No,18,No,No,No,No,Yes,No,No
1428,4.24,Long,M,Yes,23,No,No,No,No,No,No,Yes
1429,3.8,Long,F,Yes,46,No,Yes,Yes,No,No,Yes,No
1430,2.91,Long,F,No,42,Yes,Yes,No,No,Yes,Yes,No
1431,5.61,Short,F,No,42,Yes,Yes,Yes,No,Yes,Yes,No
1432,6.52,Medium,M,Yes,39,Yes,No,No,No,No,Yes,No
1433,3.1,Long,M,Yes,28,Yes,No,No,Yes,Yes,No,No
1434,5.51,Long,M,Yes,23,Yes,Yes,No,No,No,Yes,No
1435,6.66,Short,F,Yes,22,No,Yes,No,No,No,Yes,No
1436,7.32,Long,F,Yes,48,Yes,No,No,No,No,No,No
1437,5.83,Medium,M,Yes,30,No,No,No,No,No,No,No
1438,3.82,Long,F,No,29,No,No,No,No,No,No,No
1439,2.68,Short,M,Yes,24,Yes,No,Yes,No,Yes,No,No
1440,9.95,Short,M,No,55,No,Yes,No,No,Yes,Yes,No
1441,3.6,Medium,M,No,52,Yes,No,Yes,No,Yes,Yes,No
1442,7.04,Long,F,Yes,48,No,Yes,No,No,No,Yes,No
1443,5.02,Short,M,Yes,25,Yes,No,No,No,Yes,No,No
1444,5.58,Long,F,No,45,No,No,No,Yes,Yes,No,Yes
1445,4.42,Long,F,No,50,Yes,No,No,No,Yes,Yes,Yes
1446,5.48,Medium,M,Yes,18,No,No,No,No,No,No,No
1447,3.24,Long,M,Yes,56,No,Yes,No,No,No,Yes,Yes
1448,7.61,Medium,M,No,50,No,No,No,No,No,Yes,No
1449,9.66,Medium,M,No,42,No,No,No,No,No,No,No
1450,5.83,Medium,F,No,27,No,No,No,No,No,No,No
1451,2.54,Long,M,Yes,47,No,No,No,No,No,No,No
1452,6.57,Long,F,Yes,49,Yes,No,No,No,No,Yes,No
1453,9.51,Long,M,No,49,Yes,Yes,Yes,No,No,Yes,No
1454,9.11,Medium,F,Yes,34,No,No,No,Yes,Yes,No,No
1455,7.66,Short,F,Yes,43,No,No,No,No,No,No,No
1456,4.57,Long,M,No,29,Yes,No,No,No,No,No,No
1457,5.89,Medium,M,No,47,No,No,No,Yes,No,No,No
1458,4.39,Long,M,Yes,25,No,No,No,No,Yes,No,Yes
1459,7.26,Long,M,Yes,20,No,Yes,No,No,No,No,No
1460,6.27,Long,F,Yes,54,No,No,No,No,No,No,Yes
1461,7.83,Medium,F,Yes,33,Yes,Yes,Yes,No,No,No,No
1462,2.54,Long,F,No,32,Yes,No,No,No,No,Yes,No
1463,4.95,Medium,F,Yes,31,No,No,No,No,Yes,No,No
1464,2.89,Medium,M,Yes,28,No,No,No,No,No,Yes,No
1465,2.12,Long,F,No,30,No,No,No,No,No,No,No
1466,6.97,Medium,F,Yes,28,No,No,Yes,No,No,Yes,No
1467,5.96,Short,M,No,19,Yes,Yes,Yes,No,No,No,No
1468,8.37,Long,M,Yes,56,Yes,No,Yes,No,No,No,No
1469,7.54,Long,F,Yes,31,Yes,No,Yes,No,No,Yes,No
1470,9.45,Long,M,No,32,No,No,No,No,No,Yes,No
1471,3.89,Medium,M,Yes,35,Yes,Yes,Yes,Yes,Yes,Yes,Yes
1472,4.2,Short,F,Yes,38,Yes,No,No,Yes,Yes,No,No
1473,8.81,Long,M,No,50,No,No,No,No,No,No,No
1474,9.67,Short,F,No,31,No,No,No,No,Yes,No,Yes
1475,4.43,Medium,F,Yes,35,No,No,No,No,No,Yes,No
1476,9.95,Long,F,No,38,Yes,Yes,No,No,No,Yes,No
1477,3.21,Medium,M,No,45,No,Yes,No,No,No,Yes,No
1478,4.74,Short,M,Yes,52,Yes,Yes,No,Yes,Yes,Yes,No
1479,5.23,Long,M,No,22,No,No,No,No,Yes,Yes,Yes
1480,8.96,Long,F,No,37,No,No,No,No,No,Yes,No
1481,5,Medium,F,No,32,Yes,Yes,Yes,No,No,Yes,No
1482,9.31,Long,F,No,53,No,No,No,No,Yes,No,Yes
1483,7.14,Short,M,No,35,No,No,No,Yes,No,No,No
1484,5.03,Long,F,Yes,24,Yes,No,No,No,No,No,No
1485,3.39,Long,F,No,44,Yes,Yes,No,No,Yes,No,No
1486,3.14,Short,F,Yes,26,No,No,No,No,No,No,No
1487,3.83,Long,F,Yes,35,Yes,Yes,Yes,No,No,Yes,No
1488,6.62,Short,F,No,34,No,No,No,No,Yes,No,Yes
1489,8.21,Long,F,No,17,Yes,Yes,No,No,No,Yes,No
1490,3.56,Long,F,No,20,Yes,Yes,Yes,No,Yes,Yes,Yes
1491,9.06,Medium,M,No,30,Yes,Yes,Yes,No,No,Yes,No
1492,8.02,Long,F,Yes,40,Yes,Yes,No,No,Yes,Yes,Yes
1493,10.08,Medium,F,No,34,No,No,No,No,Yes,No,No
1494,9.51,Short,M,No,37,No,No,No,No,No,No,No
1495,7.68,Long,M,No,19,Yes,Yes,Yes,No,No,Yes,Yes
1496,2.39,Medium,M,No,21,No,No,No,No,No,No,No
1497,6.64,Medium,M,No,21,No,No,No,No,No,No,No
1498,8.08,Medium,M,No,39,Yes,No,Yes,No,No,No,No
1499,5.24,Medium,M,Yes,47,No,No,No,No,No,No,No
1500,2.32,Long,M,Yes,22,Yes,No,No,No,No,Yes,No
1501,3.51,Long,M,No,27,No,No,No,No,No,No,No
1502,4.75,Medium,F,Yes,52,Yes,Yes,No,No,Yes,No,No
1503,7.03,Medium,F,Yes,34,No,Yes,No,No,No,Yes,No
1504,6.09,Medium,M,No,52,No,No,No,No,No,No,No
1505,8.31,Long,F,No,49,Yes,No,No,No,No,No,No
1506,5.84,Long,F,No,40,No,No,No,No,Yes,No,Yes
1507,8.01,Short,M,Yes,30,No,No,Yes,No,No,Yes,No
1508,8.77,Short,F,Yes,30,Yes,No,No,No,Yes,Yes,No
1509,7.51,Long,M,Yes,25,No,No,No,No,No,No,Yes
1510,7.34,Long,F,Yes,46,Yes,Yes,Yes,No,Yes,Yes,No
1511,8.67,Long,F,No,56,No,No,No,No,Yes,No,No
1512,2.99,Short,M,No,31,Yes,Yes,Yes,No,No,Yes,No
1513,7.35,Long,M,No,23,No,Yes,No,No,No,Yes,No
1514,3.8,Medium,F,No,27,No,No,No,No,No,No,No
1515,4.56,Long,M,Yes,48,No,No,No,No,No,No,No
1516,8.32,Medium,M,Yes,27,No,Yes,No,No,No,No,No
1517,4.57,Medium,M,Yes,29,Yes,No,No,No,Yes,No,No
1518,2.19,Long,M,Yes,36,No,No,No,No,No,No,No
1519,10.02,Medium,F,Yes,49,No,No,No,No,No,No,No
1520,4.55,Long,M,No,30,No,No,No,No,No,Yes,No
1521,3.47,Short,F,Yes,52,Yes,No,No,No,No,Yes,No
1522,9,Medium,M,No,46,No,Yes,No,No,No,Yes,No
1523,8.19,Medium,M,Yes,43,Yes,Yes,Yes,No,No,Yes,No
1524,7.89,Medium,F,Yes,53,No,No,No,Yes,No,No,No
1525,8.16,Short,F,Yes,28,No,No,No,Yes,Yes,No,No
1526,8.32,Long,F,No,55,Yes,Yes,No,No,No,Yes,Yes
1527,8.13,Long,F,No,37,No,Yes,Yes,No,Yes,No,No
1528,2.34,Long,F,Yes,19,No,No,No,No,Yes,No,No
1529,6.54,Long,M,No,26,No,Yes,No,No,No,Yes,No
1530,6.49,Medium,F,No,31,No,Yes,No,No,No,No,No
1531,3.11,Medium,M,Yes,35,No,No,Yes,No,Yes,No,No
1532,3.84,Medium,M,Yes,51,Yes,No,No,No,No,No,No
1533,2.32,Short,F,Yes,30,No,No,No,No,No,Yes,No
1534,3.67,Medium,M,Yes,48,Yes,Yes,Yes,No,No,Yes,No
1535,7.37,Long,F,Yes,51,No,Yes,Yes,No,No,No,No
1536,3.58,Medium,M,Yes,31,Yes,No,No,No,No,No,Yes
1537,3.53,Short,F,No,19,No,No,No,No,No,No,No
1538,8.65,Medium,M,No,33,Yes,No,No,No,No,No,No
1539,5.18,Short,M,No,27,Yes,Yes,Yes,No,No,No,No
1540,6.88,Medium,M,Yes,19,No,No,Yes,No,Yes,Yes,No
1541,6.7,Medium,M,No,22,Yes,No,No,No,No,No,No
1542,5.32,Short,M,Yes,28,No,No,No,No,Yes,No,Yes
1543,2.67,Long,F,Yes,32,No,No,No,No,No,No,No
1544,4.63,Long,M,Yes,28,Yes,Yes,Yes,No,No,No,No
1545,7.25,Short,F,Yes,31,No,Yes,No,No,Yes,Yes,No
1546,8.01,Long,M,No,52,No,Yes,No,No,Yes,Yes,No
1547,7.45,Medium,M,No,41,No,No,No,No,No,No,No
1548,9.55,Short,M,Yes,45,No,No,No,No,Yes,No,Yes
1549,6.26,Medium,M,No,53,Yes,No,Yes,No,No,No,No
1550,8.2,Medium,M,No,44,No,No,No,No,No,No,No
1551,5.19,Medium,F,No,47,Yes,Yes,No,No,No,No,No
1552,3.92,Long,M,Yes,49,Yes,No,No,No,No,No,No
1553,3.57,Medium,M,Yes,36,No,No,No,No,Yes,No,Yes
1554,2.22,Medium,M,Yes,43,Yes,Yes,No,No,Yes,Yes,No
1555,3.66,Medium,M,Yes,45,No,No,No,No,Yes,No,No
1556,8.98,Short,F,Yes,42,No,No,No,No,No,No,No
1557,6.95,Long,M,No,46,No,No,No,No,No,No,No
1558,7.09,Short,F,Yes,52,No,No,No,No,No,No,Yes
1559,10,Short,F,No,31,Yes,No,No,No,Yes,Yes,No
1560,5.28,Short,F,No,29,No,No,No,No,No,No,No
1561,5.4,Short,M,Yes,26,Yes,No,Yes,No,No,Yes,No
1562,6.44,Medium,M,Yes,43,No,No,No,No,Yes,No,Yes
1563,2.85,Long,F,Yes,26,No,No,No,No,No,No,No
1564,6.92,Long,M,No,23,No,No,No,No,No,No,No
1565,6.01,Short,M,Yes,20,No,No,No,Yes,No,No,No
1566,7.35,Medium,F,Yes,48,No,No,No,No,Yes,No,No
1567,3.36,Long,F,Yes,36,No,No,No,No,No,Yes,No
1568,2.51,Long,F,No,24,Yes,No,Yes,No,No,No,No
1569,8.26,Medium,M,Yes,29,No,No,No,No,Yes,No,No
1570,4.33,Medium,M,Yes,30,No,Yes,No,No,No,Yes,No
1571,4.07,Medium,M,No,48,No,No,No,No,Yes,No,No
1572,9.26,Long,F,Yes,29,Yes,Yes,Yes,No,No,Yes,No
1573,5.27,Medium,M,No,44,No,No,No,No,No,No,No
1574,5.04,Medium,F,Yes,52,Yes,Yes,No,No,No,No,No
1575,3.1,Short,M,No,25,No,No,No,No,No,No,No
1576,5.08,Short,F,No,46,Yes,No,No,No,No,No,No
1577,9.35,Long,F,No,40,No,No,No,No,Yes,No,No
1578,9.25,Long,F,Yes,55,No,No,No,No,No,No,No
1579,7.7,Long,M,No,36,No,No,No,Yes,No,No,Yes
1580,9.37,Medium,M,Yes,51,No,Yes,No,No,No,Yes,Yes
1581,4.17,Medium,M,No,45,No,No,No,No,Yes,No,No
1582,9.49,Long,M,No,26,No,No,No,No,No,No,No
1583,2.21,Short,F,Yes,27,No,No,No,Yes,Yes,No,No
1584,2.31,Long,F,Yes,25,No,No,No,No,No,No,No
1585,2.59,Long,M,Yes,46,No,No,No,No,Yes,No,No
1586,9.51,Long,M,No,25,No,No,No,No,Yes,No,No
1587,2.43,Long,M,Yes,37,Yes,No,No,No,No,No,No
1588,8.28,Long,F,Yes,45,No,No,No,No,No,No,No
1589,5.58,Long,F,No,54,Yes,No,No,No,No,No,No
1590,4.31,Long,M,No,36,Yes,Yes,Yes,No,Yes,Yes,No
1591,3.14,Short,M,Yes,36,Yes,No,No,No,Yes,Yes,No
1592,10.03,Medium,F,No,25,Yes,No,No,No,Yes,No,No
1593,8.6,Medium,M,Yes,35,Yes,Yes,Yes,No,No,Yes,Yes
1594,4.86,Short,M,Yes,49,Yes,Yes,Yes,No,Yes,Yes,No
1595,5.79,Short,M,Yes,21,Yes,Yes,No,No,Yes,Yes,No
1596,9.97,Long,M,Yes,23,No,No,No,No,Yes,No,No
1597,3.88,Short,F,No,34,Yes,No,No,No,Yes,No,No
1598,3.92,Medium,M,Yes,53,No,No,No,No,Yes,No,No
1599,3.44,Medium,M,No,45,Yes,No,No,No,No,Yes,No
1600,6.98,Long,M,Yes,36,Yes,No,No,No,No,Yes,No
1601,9.1,Long,F,Yes,36,Yes,Yes,Yes,No,No,Yes,Yes
1602,8.34,Long,F,No,40,No,No,No,No,Yes,No,No
1603,6.52,Long,M,No,49,No,No,No,No,No,Yes,No
1604,7.45,Medium,M,No,22,No,No,No,No,No,No,No
1605,6.14,Medium,F,Yes,26,Yes,No,Yes,Yes,Yes,Yes,No
1606,7.4,Short,M,No,48,Yes,Yes,Yes,No,No,Yes,No
1607,5.71,Short,M,Yes,50,No,No,No,No,No,No,No
1608,7.19,Short,F,Yes,27,Yes,No,No,No,No,No,No
1609,2.43,Short,M,No,45,No,No,No,No,No,Yes,No
1610,9.9,Short,F,No,25,Yes,No,No,No,No,No,No
1611,3.2,Long,F,Yes,21,No,No,No,No,Yes,Yes,No
1612,4.34,Long,F,No,53,Yes,Yes,No,No,No,Yes,Yes
1613,7.52,Long,F,Yes,39,Yes,No,No,No,No,Yes,No
1614,8.36,Long,M,No,49,No,Yes,No,No,No,Yes,Yes
1615,7.48,Long,F,Yes,52,No,No,No,No,No,No,No
1616,3.84,Long,F,Yes,41,No,No,No,No,No,No,No
1617,10.03,Short,F,No,24,No,Yes,No,No,No,Yes,No
1618,9.86,Long,M,Yes,35,Yes,No,No,Yes,No,No,No
1619,5.43,Long,F,Yes,26,No,No,No,No,No,No,No
1620,2.76,Long,M,Yes,52,No,No,No,No,No,No,No
1621,8.67,Medium,M,No,32,No,No,No,No,No,Yes,No
1622,2.68,Medium,F,Yes,34,Yes,Yes,No,No,Yes,Yes,No
1623,6.26,Long,M,No,32,No,No,No,No,No,Yes,No
1624,2.99,Long,F,Yes,28,Yes,No,No,No,No,No,No
1625,6.89,Medium,M,Yes,28,No,Yes,No,No,No,Yes,Yes
1626,6.95,Long,F,Yes,36,No,No,No,No,No,No,No
1627,8.34,Long,F,No,51,No,No,No,No,No,Yes,No
1628,3.66,Long,M,No,31,No,No,No,No,No,Yes,No
1629,4.56,Short,M,Yes,48,Yes,Yes,No,No,No,Yes,No
1630,2.26,Long,M,No,20,No,No,No,No,No,No,No
1631,6.84,Long,M,No,45,No,Yes,No,No,Yes,Yes,No
1632,5.62,Medium,F,Yes,48,Yes,No,No,No,Yes,Yes,No
1633,5.41,Medium,M,Yes,32,No,Yes,Yes,No,No,Yes,No
1634,3.35,Long,M,No,23,No,No,Yes,No,No,Yes,No
1635,3.29,Long,M,Yes,51,No,No,No,No,No,No,No
1636,5.28,Long,F,No,33,No,No,No,No,No,No,No
1637,5.97,Long,F,No,36,No,No,No,No,Yes,No,No
1638,6,Short,F,No,37,No,No,No,No,No,No,No
1639,6.79,Medium,F,No,23,No,No,No,No,No,No,No
1640,4.6,Long,F,Yes,31,No,No,No,No,No,No,No
1641,9.51,Short,M,Yes,48,Yes,No,No,No,Yes,No,No
1642,8.76,Short,M,Yes,40,No,Yes,No,No,Yes,No,No
1643,7.13,Short,F,Yes,51,No,No,Yes,No,No,No,No
1644,5.51,Short,F,No,28,Yes,Yes,No,No,Yes,Yes,No
1645,2.64,Long,F,Yes,53,No,No,Yes,No,No,Yes,No
1646,7.57,Long,M,Yes,29,No,No,No,No,Yes,No,No
1647,4.55,Medium,M,Yes,49,No,No,No,No,No,Yes,No
1648,5.69,Long,M,No,30,Yes,Yes,Yes,No,No,Yes,Yes
1649,7.51,Long,M,Yes,31,Yes,No,No,No,No,No,No
1650,3.02,Medium,M,Yes,24,No,No,No,No,No,No,No
1651,6.33,Short,F,Yes,20,Yes,Yes,Yes,No,No,Yes,Yes
1652,2.53,Long,F,No,47,Yes,Yes,Yes,No,No,Yes,No
1653,4.03,Medium,M,No,52,Yes,No,No,No,No,No,No
1654,2.24,Long,M,No,24,No,No,No,Yes,Yes,No,Yes
1655,2.85,Short,F,No,31,Yes,Yes,Yes,No,No,Yes,No
1656,5.53,Long,F,No,32,No,No,No,No,No,No,No
1657,5.93,Short,F,Yes,29,No,No,No,No,No,No,No
1658,2.77,Long,M,No,31,No,No,No,No,Yes,No,No
1659,5.49,Long,F,No,45,Yes,No,No,No,No,No,Yes
1660,4.55,Long,F,Yes,36,Yes,No,No,No,Yes,No,Yes
1661,8.22,Long,M,No,40,No,No,No,No,Yes,No,No
1662,7.07,Short,F,No,55,Yes,No,Yes,No,No,No,Yes
1663,2.64,Long,F,No,37,No,No,No,No,No,No,No
1664,2.18,Medium,F,No,20,Yes,Yes,Yes,No,No,Yes,No
1665,8.53,Long,M,No,40,Yes,No,No,No,Yes,No,No
1666,3,Long,M,Yes,43,No,No,No,No,No,No,No
1667,2.95,Medium,M,No,51,No,No,No,No,Yes,Yes,No
1668,7.12,Long,M,No,42,Yes,No,No,Yes,Yes,No,No
1669,2.26,Long,F,No,31,Yes,No,No,No,No,No,No
1670,7.62,Long,F,Yes,42,Yes,Yes,Yes,No,No,Yes,No
1671,9.15,Long,M,Yes,55,Yes,Yes,No,No,Yes,Yes,No
1672,7.55,Long,M,Yes,51,No,Yes,Yes,No,No,No,No
1673,4.65,Long,F,Yes,28,No,No,No,No,No,No,No
1674,8.97,Long,F,Yes,26,No,Yes,Yes,No,Yes,Yes,Yes
1675,6.48,Medium,M,No,52,No,No,No,No,No,No,Yes
1676,7.05,Medium,M,Yes,30,No,No,No,Yes,Yes,No,Yes
1677,9.69,Short,M,Yes,19,No,No,Yes,No,No,Yes,No
1678,7.23,Short,F,No,20,Yes,No,No,No,No,No,No
1679,3.14,Medium,F,No,25,Yes,Yes,No,No,Yes,No,No
1680,2.46,Long,F,No,55,Yes,Yes,Yes,No,No,Yes,No
1681,2.43,Short,M,No,43,No,No,No,No,No,No,No
1682,5.77,Medium,M,No,50,No,No,No,Yes,Yes,No,No
1683,6.1,Medium,M,Yes,36,Yes,Yes,Yes,No,No,Yes,No
1684,5.37,Long,M,Yes,37,Yes,Yes,No,No,No,Yes,No
1685,3.18,Short,M,No,36,No,No,No,No,No,No,No
1686,4.65,Long,F,No,51,No,No,No,No,Yes,Yes,No
1687,6.27,Long,M,Yes,55,Yes,No,No,No,Yes,No,No
1688,8.27,Medium,M,No,18,Yes,No,No,No,No,No,No
1689,5.28,Long,M,No,28,No,No,No,No,Yes,No,Yes
1690,9.28,Medium,M,No,46,No,No,Yes,Yes,Yes,No,No
1691,4.23,Long,M,Yes,43,Yes,Yes,Yes,Yes,Yes,No,No
1692,8.58,Long,M,Yes,40,Yes,No,No,No,No,No,No
1693,9.22,Medium,M,No,38,No,No,No,Yes,No,No,No
1694,4.98,Medium,F,No,41,No,No,No,No,No,Yes,No
1695,9.95,Short,F,No,33,No,Yes,No,No,No,Yes,No
1696,10.05,Long,M,Yes,19,No,No,No,No,No,No,No
1697,2.38,Short,F,No,20,No,No,No,No,No,No,No
1698,4.41,Medium,M,Yes,29,No,No,No,No,Yes,No,No
1699,6.2,Long,M,Yes,52,No,No,No,No,Yes,No,No
1700,5.23,Medium,F,Yes,33,No,No,No,No,No,No,No
1701,9.29,Medium,M,No,43,No,No,No,No,Yes,No,No
1702,3.24,Long,M,Yes,26,No,Yes,Yes,No,Yes,Yes,No
1703,5.79,Medium,M,No,26,Yes,No,Yes,No,No,No,No
1704,6.34,Short,F,No,38,No,Yes,No,No,No,No,No
1705,6.37,Long,M,Yes,32,Yes,No,No,No,No,No,No
1706,9.14,Long,F,Yes,47,Yes,No,No,No,No,Yes,No
1707,4.54,Long,M,Yes,21,No,No,No,No,Yes,No,Yes
1708,3.72,Medium,F,No,30,Yes,Yes,No,No,No,Yes,No
1709,2.7,Medium,F,Yes,42,Yes,No,No,No,Yes,No,No
1710,4.66,Long,M,No,19,Yes,Yes,No,No,No,Yes,No
1711,9.94,Short,M,No,53,Yes,No,No,Yes,Yes,Yes,Yes
1712,4.17,Long,M,Yes,51,Yes,Yes,No,No,No,No,No
1713,2.57,Medium,M,Yes,51,Yes,Yes,No,No,Yes,Yes,Yes
1714,4.86,Medium,F,No,28,No,No,No,No,No,Yes,Yes
1715,2.9,Medium,M,No,51,No,No,No,No,Yes,No,No
1716,3.76,Short,M,Yes,41,No,Yes,No,No,No,Yes,Yes
1717,5.4,Long,M,Yes,40,No,No,No,No,No,No,No
1718,4.58,Medium,M,No,21,Yes,Yes,Yes,No,Yes,Yes,No
1719,6.33,Short,F,Yes,43,No,Yes,No,No,Yes,Yes,No
1720,6.98,Long,F,No,44,No,No,No,No,No,No,No
1721,5.24,Medium,F,No,44,No,No,No,No,Yes,No,No
1722,9.69,Medium,M,Yes,44,No,No,No,No,Yes,No,No
1723,6.75,Medium,F,No,41,No,No,No,No,No,No,No
1724,2.34,Long,F,Yes,21,Yes,No,Yes,Yes,No,No,Yes
1725,8.85,Long,F,Yes,35,Yes,No,Yes,No,No,Yes,No
1726,2.62,Medium,F,No,40,Yes,No,No,No,No,No,No
1727,9.69,Long,F,Yes,43,No,No,No,No,No,No,No
1728,8.02,Long,F,Yes,40,Yes,Yes,Yes,No,Yes,Yes,Yes
1729,7.15,Short,F,Yes,25,No,No,No,No,No,No,No
1730,7.24,Short,F,Yes,26,Yes,Yes,Yes,No,No,Yes,No
1731,8.66,Long,M,No,53,Yes,Yes,Yes,No,No,Yes,No
1732,6.29,Medium,M,Yes,41,Yes,Yes,Yes,No,No,Yes,No
1733,3,Medium,F,Yes,23,No,No,No,No,Yes,No,No
1734,3.48,Short,M,No,28,No,No,No,No,No,No,No
1735,4.78,Medium,F,Yes,50,Yes,Yes,No,No,No,Yes,No
1736,5.12,Medium,F,No,30,No,No,No,No,Yes,No,No
1737,9.85,Short,M,No,51,Yes,No,No,No,No,No,No
1738,7.73,Short,F,No,47,Yes,Yes,Yes,No,No,Yes,No
1739,5.65,Long,F,No,30,No,No,No,No,Yes,Yes,No
1740,5.43,Medium,M,Yes,49,Yes,Yes,No,Yes,Yes,Yes,No
1741,8.9,Medium,F,Yes,29,No,Yes,No,No,No,Yes,No
1742,5.89,Medium,F,No,30,No,Yes,No,No,No,Yes,Yes
1743,8.79,Medium,M,No,34,No,No,No,No,No,No,Yes
1744,2.09,Medium,F,No,25,No,No,No,No,Yes,No,No
1745,4.57,Medium,F,No,30,No,No,No,No,No,No,No
1746,3.24,Long,M,Yes,55,No,No,No,No,No,Yes,No
1747,6.61,Long,F,Yes,49,Yes,No,No,No,Yes,No,No
1748,6.5,Medium,F,No,24,No,No,No,No,Yes,No,No
1749,5.25,Long,F,Yes,43,No,No,No,No,Yes,No,No
1750,9.85,Short,F,No,25,No,No,No,Yes,Yes,No,No
1751,4.3,Long,M,Yes,20,No,No,No,No,No,No,No
1752,4.87,Long,F,No,23,No,No,No,No,No,No,No
1753,9.13,Long,F,Yes,31,No,Yes,No,No,Yes,Yes,No
1754,6.47,Long,M,Yes,42,Yes,No,No,No,Yes,No,No
1755,3.17,Long,F,Yes,31,Yes,Yes,Yes,No,No,Yes,No
1756,4.58,Long,M,Yes,21,Yes,Yes,No,No,No,Yes,No
1757,6.34,Short,M,Yes,34,Yes,No,No,No,No,Yes,No
1758,6.88,Medium,F,Yes,44,No,No,No,No,No,No,No
1759,7.36,Long,F,Yes,30,No,No,No,No,No,No,No
1760,2.93,Medium,F,Yes,31,No,No,No,No,Yes,No,No
1761,8.65,Medium,M,Yes,22,No,No,No,No,No,No,No
1762,7.78,Medium,M,Yes,35,Yes,No,No,No,Yes,No,No
1763,2.69,Short,M,Yes,24,No,No,No,No,No,Yes,No
1764,4.43,Medium,M,Yes,54,No,No,No,No,No,No,No
1765,3.51,Medium,M,Yes,44,No,No,No,No,Yes,No,No
1766,6.86,Medium,M,No,39,No,No,No,No,No,No,No
1767,2.88,Long,F,Yes,29,Yes,Yes,No,No,No,Yes,No
1768,8.19,Short,F,Yes,28,No,No,No,No,No,No,Yes
1769,4.64,Short,F,No,51,Yes,No,No,No,No,No,No
1770,10.1,Medium,M,Yes,24,No,No,No,No,No,No,No
1771,8.3,Long,F,Yes,25,No,No,No,No,No,Yes,No
1772,5.13,Long,F,Yes,25,No,No,No,No,No,No,No
1773,3.1,Long,M,Yes,43,No,No,No,No,No,No,No
1774,4.16,Long,M,Yes,45,Yes,Yes,No,No,Yes,Yes,No
1775,3.3,Long,F,Yes,31,Yes,Yes,Yes,No,No,Yes,No
1776,4.33,Medium,F,Yes,37,No,No,No,No,No,No,No
1777,5.66,Long,F,No,30,No,No,No,No,No,No,No
1778,7.08,Long,F,Yes,36,Yes,Yes,No,No,No,Yes,No
1779,3.73,Medium,F,No,29,No,No,No,No,No,No,No
1780,7.05,Medium,F,No,37,Yes,Yes,Yes,No,No,Yes,No
1781,7.57,Medium,F,Yes,20,No,No,No,No,No,No,No
1782,4.64,Medium,F,Yes,21,No,No,No,No,No,Yes,No
1783,5.21,Medium,F,Yes,35,Yes,Yes,Yes,No,No,Yes,No
1784,5.8,Medium,F,No,27,Yes,Yes,No,No,No,Yes,No
1785,3.96,Medium,M,No,27,No,Yes,No,No,Yes,Yes,No
1786,2.43,Long,F,Yes,36,No,No,No,No,No,No,No
1787,8.35,Medium,F,Yes,54,Yes,No,No,No,Yes,No,No
1788,6.52,Medium,M,No,21,No,No,No,No,No,No,No
1789,9.04,Short,F,No,52,No,No,No,No,No,No,No
1790,4.83,Short,F,No,40,Yes,No,No,No,No,No,No
1791,3.1,Long,F,No,28,No,Yes,No,No,Yes,Yes,No
1792,8.31,Long,F,Yes,44,No,No,Yes,No,No,No,No
1793,10.01,Medium,M,Yes,27,Yes,Yes,No,Yes,Yes,Yes,No
1794,5.08,Long,M,Yes,38,No,No,No,No,No,No,No
1795,3.81,Long,M,Yes,27,Yes,No,No,No,No,No,No
1796,6.71,Short,M,No,52,Yes,No,No,No,No,Yes,No
1797,7.23,Short,F,Yes,25,No,No,No,No,No,No,No
1798,3.15,Medium,M,No,29,No,No,No,Yes,No,No,No
1799,2.87,Short,F,No,45,Yes,Yes,No,No,No,Yes,No
1800,3.87,Short,M,Yes,42,Yes,Yes,No,No,No,No,No
1801,4.62,Long,F,Yes,52,Yes,No,No,No,No,No,No
1802,7.57,Medium,M,No,49,Yes,Yes,No,No,No,Yes,No
1803,8.21,Medium,M,Yes,26,No,No,No,No,Yes,Yes,No
1804,3.54,Medium,F,No,40,No,No,No,No,No,Yes,No
1805,3.39,Long,F,Yes,35,Yes,No,No,No,No,No,No
1806,8.19,Long,F,Yes,24,No,No,No,No,No,No,No
1807,6.56,Medium,F,No,33,Yes,No,No,No,Yes,Yes,No
1808,2.21,Medium,M,Yes,47,No,Yes,Yes,No,No,Yes,No
1809,3.24,Long,M,No,42,No,No,No,No,Yes,No,Yes
1810,7.83,Long,F,Yes,42,No,Yes,No,No,Yes,No,No
1811,7.54,Long,F,No,41,Yes,No,No,No,No,No,No
1812,7.63,Medium,F,No,37,No,No,No,No,Yes,No,Yes
1813,8.97,Long,F,No,44,No,No,Yes,No,No,Yes,No
1814,3.45,Long,F,No,49,No,No,No,No,No,No,No
1815,6.91,Long,M,No,55,Yes,No,No,No,Yes,No,No
1816,5.47,Long,F,Yes,22,No,No,Yes,No,No,Yes,Yes
1817,7.43,Medium,F,Yes,23,No,Yes,No,No,No,Yes,No
1818,7.53,Short,M,No,45,Yes,No,No,No,No,No,No
1819,6.13,Short,F,No,45,No,Yes,No,No,Yes,No,Yes
1820,6.16,Medium,M,No,28,Yes,No,No,No,No,Yes,No
1821,5.13,Short,F,Yes,28,Yes,Yes,No,No,No,Yes,No
1822,7.05,Long,F,No,39,No,No,No,No,No,No,No
1823,5.35,Long,F,Yes,52,No,No,No,No,Yes,No,No
1824,4.92,Medium,M,No,55,No,No,No,No,No,Yes,No
1825,6.38,Long,F,Yes,21,No,Yes,No,No,No,No,No
1826,2.39,Long,F,No,32,Yes,No,No,No,No,No,No
1827,9.42,Medium,M,No,45,Yes,No,No,No,Yes,No,No
1828,5.81,Short,F,Yes,56,No,No,No,No,Yes,Yes,No
1829,6.67,Medium,F,Yes,43,No,No,No,No,Yes,No,No
1830,3.91,Long,M,Yes,23,No,No,No,No,No,Yes,Yes
1831,7.19,Long,F,No,47,Yes,Yes,No,No,Yes,No,No
1832,3.73,Short,M,Yes,38,No,No,No,No,No,No,No
1833,5.01,Long,M,Yes,47,No,No,No,No,No,No,No
1834,3.23,Long,M,No,24,No,No,No,No,No,No,No
1835,8.72,Medium,M,No,32,Yes,No,No,No,Yes,No,Yes
1836,9.73,Short,M,Yes,49,Yes,No,No,No,No,No,No
1837,6.72,Medium,F,No,41,No,No,Yes,No,No,Yes,Yes
1838,4.58,Medium,M,Yes,20,No,No,Yes,No,No,Yes,No
1839,6.6,Long,M,Yes,37,No,No,No,No,No,No,Yes
1840,2.86,Short,M,No,46,Yes,No,No,No,No,Yes,No
1841,4.49,Medium,F,No,28,Yes,No,Yes,No,No,No,No
1842,3.86,Long,M,Yes,28,No,No,No,No,No,No,No
1843,3.77,Medium,M,No,30,No,No,No,No,No,No,No
1844,2.25,Medium,F,No,23,No,No,No,No,No,No,No
1845,6.95,Long,M,No,53,No,Yes,No,No,No,Yes,No
1846,9.44,Long,F,Yes,47,No,No,No,No,No,No,No
1847,9.31,Short,M,No,39,No,Yes,Yes,Yes,No,Yes,No
1848,7.64,Long,M,No,31,No,No,No,No,Yes,No,No
1849,9.39,Medium,M,No,44,Yes,No,No,No,No,No,No
1850,5.6,Medium,M,Yes,21,No,No,No,No,No,No,No
1851,3.92,Medium,M,Yes,29,No,No,No,No,No,No,No
1852,8.87,Short,F,No,32,No,No,No,No,No,Yes,No
1853,5.3,Medium,M,No,26,No,No,No,No,No,No,No
1854,7.74,Long,F,Yes,33,No,No,No,No,Yes,No,No
1855,3.22,Medium,F,No,28,Yes,No,No,No,Yes,No,Yes
1856,8.61,Long,M,Yes,44,No,No,No,No,No,No,No
1857,7.41,Medium,F,Yes,26,No,No,No,No,No,No,No
1858,4.28,Long,F,Yes,34,Yes,Yes,No,No,No,No,No
1859,8.17,Medium,F,No,28,No,Yes,No,Yes,No,Yes,Yes
1860,7.92,Short,M,No,25,Yes,No,No,No,No,No,No
1861,6.94,Medium,M,Yes,26,Yes,Yes,Yes,Yes,Yes,Yes,Yes
1862,2.99,Medium,M,Yes,24,No,No,No,No,No,No,No
1863,8.98,Short,F,Yes,31,No,No,No,No,No,No,No
1864,5.51,Short,M,No,21,Yes,Yes,No,No,Yes,Yes,No
1865,4.28,Short,M,No,50,No,Yes,No,No,No,Yes,No
1866,8.66,Long,M,No,49,No,No,No,No,No,No,No
1867,4.02,Medium,M,Yes,31,Yes,Yes,Yes,No,No,Yes,No
1868,5.68,Short,F,No,41,No,No,No,No,Yes,Yes,No
1869,5.49,Medium,M,Yes,20,Yes,No,No,No,No,No,No
1870,4.34,Medium,M,Yes,26,No,No,No,No,No,Yes,No
1871,9.39,Long,F,No,41,No,No,No,No,Yes,No,No
1872,5.01,Medium,F,Yes,42,No,No,No,No,No,No,No
1873,6.33,Long,M,Yes,28,No,No,No,No,No,Yes,No
1874,2.33,Medium,F,Yes,28,No,Yes,No,No,No,Yes,Yes
1875,2.85,Medium,M,No,50,Yes,No,No,No,No,No,No
1876,9.47,Long,M,No,27,Yes,No,No,No,No,No,Yes
1877,5.02,Long,M,No,54,No,Yes,No,No,No,Yes,No
1878,5.64,Long,F,Yes,24,No,No,No,No,Yes,No,Yes
1879,3.79,Long,M,Yes,31,No,No,No,No,Yes,No,No
1880,8.82,Long,F,No,24,No,No,No,Yes,No,No,Yes
1881,5.2,Long,F,Yes,55,No,Yes,No,No,No,No,No
1882,4.28,Medium,M,No,36,No,No,No,No,Yes,No,No
1883,8.51,Medium,F,No,47,Yes,No,No,No,Yes,No,No
1884,6.54,Long,F,Yes,40,Yes,Yes,Yes,No,No,Yes,No
1885,7.54,Medium,M,No,53,No,No,No,No,No,Yes,No
1886,3,Medium,M,Yes,24,Yes,Yes,No,No,No,Yes,No
1887,5.75,Long,F,No,26,Yes,Yes,Yes,No,No,Yes,Yes
1888,2.92,Medium,M,No,50,Yes,No,No,No,No,Yes,No
1889,5.93,Medium,F,Yes,55,No,No,No,No,No,No,No
1890,8.4,Long,M,No,54,Yes,No,No,No,No,No,No
1891,4.41,Short,M,Yes,25,Yes,Yes,No,No,No,Yes,No
1892,8.74,Medium,F,Yes,40,Yes,No,No,No,No,No,No
1893,6.75,Medium,F,Yes,43,Yes,No,No,No,Yes,No,No
1894,9.72,Medium,F,No,45,Yes,No,No,Yes,No,Yes,No
1895,7.9,Short,F,No,30,No,No,No,No,No,No,No
1896,2.45,Long,M,Yes,22,Yes,Yes,No,No,No,Yes,No
1897,2.05,Short,F,No,43,No,No,No,No,Yes,No,Yes
1898,5.49,Long,F,Yes,22,No,No,No,No,No,No,No
1899,5.5,Long,M,No,53,Yes,No,Yes,No,No,Yes,No
1900,5.67,Short,F,Yes,40,No,No,No,No,No,No,Yes
1901,6.44,Long,F,Yes,52,No,No,No,No,No,Yes,No
1902,5.02,Medium,F,Yes,31,No,No,No,No,Yes,No,No
1903,9.31,Medium,M,No,48,Yes,Yes,Yes,No,Yes,Yes,Yes
1904,9.78,Short,M,Yes,48,Yes,Yes,Yes,No,No,Yes,No
1905,9.96,Long,F,No,25,No,No,No,No,No,No,No
1906,3.46,Short,M,No,23,Yes,No,No,No,No,No,Yes
1907,3.09,Long,F,No,27,Yes,Yes,No,Yes,Yes,Yes,No
1908,2.08,Medium,M,Yes,51,No,No,No,No,No,No,No
1909,7.99,Long,M,No,37,No,Yes,No,No,No,No,No
1910,4.88,Long,F,No,44,Yes,No,No,No,No,Yes,No
1911,8.72,Medium,F,Yes,47,Yes,Yes,No,No,No,Yes,No
1912,7.95,Short,M,No,29,No,No,No,No,No,No,Yes
1913,4.33,Medium,F,Yes,35,No,No,No,No,No,No,No
1914,2.14,Long,F,Yes,24,No,Yes,No,No,Yes,Yes,No
1915,7.07,Long,F,No,41,Yes,No,No,No,Yes,Yes,No
1916,6.13,Long,F,No,40,Yes,No,No,No,No,No,No
1917,4.16,Medium,M,Yes,23,Yes,Yes,Yes,No,No,Yes,No
1918,5.77,Medium,M,No,39,No,No,No,No,Yes,Yes,Yes
1919,7.58,Long,F,No,20,No,No,No,No,Yes,No,No
1920,9.34,Short,M,No,34,No,No,No,No,Yes,No,Yes
1921,10.14,Medium,M,Yes,48,Yes,Yes,Yes,No,No,Yes,No
1922,8.22,Long,F,Yes,23,Yes,No,No,No,No,No,No
1923,3.12,Medium,F,Yes,26,No,No,No,No,No,Yes,No
1924,7.96,Medium,F,Yes,52,No,Yes,No,No,No,Yes,Yes
1925,3.37,Long,F,No,29,No,No,No,No,Yes,No,No
1926,6.48,Long,M,No,21,Yes,Yes,No,No,No,Yes,No
1927,2.32,Medium,M,Yes,29,Yes,Yes,Yes,No,No,Yes,No
1928,7.49,Medium,F,No,27,No,No,No,No,Yes,No,No
1929,9.43,Long,M,Yes,43,No,No,No,No,No,No,No
1930,6.65,Long,M,Yes,41,Yes,No,No,No,No,Yes,No
1931,3.69,Short,F,Yes,21,No,No,No,No,No,Yes,No
1932,7.2,Long,M,Yes,52,Yes,No,No,No,Yes,No,No
1933,8.12,Medium,M,Yes,40,Yes,No,No,No,Yes,No,No
1934,4.52,Medium,F,Yes,19,No,No,No,No,Yes,No,No
1935,8.78,Long,F,No,19,Yes,No,No,No,Yes,No,No
1936,6.85,Short,F,No,44,Yes,Yes,No,No,Yes,Yes,No
1937,8.01,Long,M,No,37,Yes,No,No,No,No,Yes,No
1938,3.32,Long,F,No,52,No,No,No,No,Yes,No,No
1939,4.86,Medium,F,Yes,27,No,No,No,No,No,No,No
1940,2.15,Short,M,Yes,53,Yes,No,No,No,Yes,No,No
1941,7.92,Medium,M,Yes,38,No,No,Yes,No,Yes,No,Yes
1942,5.93,Long,M,Yes,38,Yes,No,No,No,No,No,No
1943,6.56,Medium,F,No,41,No,No,No,No,No,Yes,No
1944,2.31,Short,F,No,22,Yes,Yes,Yes,No,No,Yes,No
1945,2.61,Long,F,Yes,40,No,No,No,No,No,No,No
1946,7.18,Long,M,No,43,Yes,Yes,Yes,No,Yes,Yes,No
1947,8.45,Medium,F,No,53,Yes,Yes,Yes,No,No,Yes,Yes
1948,9.43,Medium,F,No,45,No,Yes,Yes,No,Yes,Yes,No
1949,2.63,Medium,F,No,38,No,No,No,No,No,No,Yes
1950,5.78,Medium,F,No,41,No,Yes,No,No,No,Yes,No
1951,8.89,Short,F,Yes,31,No,No,No,No,No,No,No
1952,5.36,Short,F,No,19,No,Yes,No,No,No,Yes,No
1953,3.74,Short,M,Yes,22,No,No,No,No,No,Yes,Yes
1954,5.98,Medium,M,Yes,49,Yes,Yes,Yes,No,No,Yes,No
1955,7.72,Long,M,No,53,Yes,Yes,No,No,No,Yes,Yes
1956,6.21,Medium,F,No,23,No,No,No,Yes,Yes,No,Yes
1957,5.97,Medium,F,Yes,49,Yes,No,Yes,No,Yes,No,No
1958,9.72,Short,M,No,31,Yes,No,No,No,Yes,No,No
1959,2.24,Long,M,Yes,37,Yes,No,No,No,No,Yes,No
1960,3.61,Long,M,Yes,46,No,No,No,No,No,No,No
1961,3.76,Short,M,Yes,20,No,No,No,No,Yes,No,No
1962,9.53,Long,M,Yes,44,No,No,No,No,No,No,No
1963,4.46,Long,M,Yes,26,Yes,No,No,No,No,Yes,No
1964,4.29,Long,F,No,24,Yes,No,No,No,No,No,No
1965,6.42,Long,M,Yes,38,No,No,No,No,No,No,Yes
1966,4.65,Long,F,Yes,29,Yes,Yes,No,No,No,Yes,No
1967,4.75,Medium,M,No,18,Yes,Yes,No,No,Yes,Yes,Yes
1968,5.23,Long,M,Yes,25,Yes,No,Yes,No,No,Yes,No
1969,7.63,Long,M,No,19,No,Yes,No,No,No,Yes,No
1970,4.26,Long,F,Yes,22,Yes,No,No,No,No,No,No
1971,9.62,Long,M,No,50,No,No,No,No,Yes,No,No
1972,4.52,Long,M,Yes,22,No,Yes,No,No,Yes,Yes,No
1973,6.3,Short,M,No,35,Yes,No,Yes,No,Yes,Yes,No
1974,5.85,Long,F,Yes,55,No,Yes,Yes,Yes,Yes,Yes,Yes
1975,3.35,Long,M,No,30,No,Yes,No,No,Yes,Yes,Yes
1976,7.25,Short,M,No,53,No,No,No,No,Yes,No,No
1977,8.95,Long,M,No,30,No,No,No,No,No,No,No
1978,7.32,Long,M,Yes,48,Yes,No,No,No,No,No,No
1979,6.14,Medium,M,No,48,No,No,No,No,Yes,No,No
1980,8.3,Medium,M,Yes,28,Yes,Yes,No,No,No,Yes,No
1981,4.31,Long,F,Yes,26,Yes,Yes,No,No,No,Yes,No
1982,5.26,Medium,M,No,29,Yes,Yes,No,No,No,Yes,No
1983,7.67,Long,F,Yes,23,No,No,No,No,No,No,No
1984,8.92,Short,F,No,50,Yes,No,No,No,No,Yes,Yes
1985,4.53,Medium,F,No,48,No,Yes,Yes,No,No,Yes,No
1986,7.82,Long,F,Yes,43,Yes,Yes,Yes,No,No,Yes,Yes
1987,7.01,Medium,F,No,51,No,No,No,No,No,No,No
1988,8.44,Long,F,No,42,Yes,No,No,No,Yes,No,No
1989,2.79,Medium,M,Yes,45,Yes,Yes,No,No,Yes,Yes,No
1990,3.59,Short,F,Yes,49,Yes,No,No,No,No,No,No
1991,4.88,Medium,M,No,45,Yes,Yes,Yes,No,Yes,Yes,No
1992,5.27,Short,F,No,22,No,No,No,No,No,No,No
1993,7.29,Long,M,No,34,No,Yes,No,No,Yes,No,No
1994,9.7,Medium,F,No,42,No,No,No,No,No,No,Yes
1995,6.4,Long,F,Yes,50,Yes,Yes,Yes,No,No,No,Yes
1996,2.78,Medium,F,Yes,47,No,No,No,No,Yes,No,No
1997,2.99,Medium,F,Yes,27,No,No,No,No,No,No,No
1998,6.71,Medium,M,Yes,43,Yes,No,No,Yes,Yes,No,No
1999,6.13,Short,M,Yes,42,No,Yes,Yes,No,No,Yes,Yes
2000,7.52,Long,F,No,53,No,Yes,No,Yes,Yes,Yes,Yes
